,TimeStamp,assetnum,c2h2,co2,co,c2h6,c2h4,h2,ch4,n2,o2,TDCG,h2o,timestamp
0,2023-07-21T10:59:29.7530953-04:00,10047622,0.0,793.481262207031,192.266616821289,0.0,0.0,12.2074041366577,0.0,42985.3203125,11993.7744140625,0.0,3.05185103416443,2023-07-21 10:59:29.753095300-04:00
40,2023-07-21T10:59:29.7530953-04:00,10608848,0.0,885.036804199219,265.511047363281,0.0,0.0,0.0,30.5185089111328,5996.88720703125,2105.77709960938,0.0,3.05185103416443,2023-07-21 10:59:29.753095300-04:00
320,2023-07-21T10:59:29.7530953-04:00,10795927,0.0,213.62956237793,192.266616821289,0.0,0.0,6.10370206832886,0.0,13000.884765625,7812.73828125,0.0,3.05185103416443,2023-07-21 10:59:29.753095300-04:00
280,2023-07-21T10:59:29.7530953-04:00,10793169,0.0,976.59228515625,521.866516113281,0.0,0.0,0.0,0.0,16983.55078125,5798.5166015625,0.0,3.05185103416443,2023-07-21 10:59:29.753095300-04:00
353,2023-07-21T10:59:29.7530953-04:00,10795927,0.0,213.62956237793,192.266616821289,0.0,0.0,6.10370206832886,0.0,13000.884765625,7812.73828125,0.0,3.05185103416443,2023-07-21 10:59:29.753095300-04:00
260,2023-07-21T10:59:29.7530953-04:00,10793168,0.0,1159.70336914063,741.599792480469,0.0,0.0,6.10370206832886,0.0,24994.66015625,9796.44140625,0.0,3.05185103416443,2023-07-21 10:59:29.753095300-04:00
360,2023-07-21T10:59:29.7530953-04:00,10808160,0.0,946.073791503906,466.933197021484,0.0,0.0,6.10370206832886,0.0,16022.2177734375,6012.146484375,0.0,3.05185103416443,2023-07-21 10:59:29.753095300-04:00
240,2023-07-21T10:59:29.7530953-04:00,10793168,0.0,1159.70336914063,741.599792480469,0.0,0.0,6.10370206832886,0.0,24994.66015625,9796.44140625,0.0,3.05185103416443,2023-07-21 10:59:29.753095300-04:00
380,2023-07-21T10:59:29.7530953-04:00,10808160,0.0,946.073791503906,466.933197021484,0.0,0.0,6.10370206832886,0.0,16022.2177734375,6012.146484375,0.0,3.05185103416443,2023-07-21 10:59:29.753095300-04:00
220,2023-07-21T10:59:29.7530953-04:00,10793167,0.0,854.518249511719,393.688781738281,0.0,0.0,0.0,0.0,11993.7744140625,5401.7763671875,0.0,3.05185103416443,2023-07-21 10:59:29.753095300-04:00
400,2023-07-21T10:59:29.7530953-04:00,10808161,0.0,885.036804199219,457.777648925781,0.0,0.0,6.10370206832886,0.0,16022.2177734375,6500.4423828125,0.0,3.05185103416443,2023-07-21 10:59:29.753095300-04:00
60,2023-07-21T10:59:29.7530953-04:00,10608848,0.0,885.036804199219,265.511047363281,0.0,0.0,0.0,30.5185089111328,5996.88720703125,2105.77709960938,0.0,3.05185103416443,2023-07-21 10:59:29.753095300-04:00
80,2023-07-21T10:59:29.7530953-04:00,10608851,0.0,1281.77734375,402.844329833984,0.0,0.0,0.0,0.0,8011.10888671875,1800.59204101563,0.0,3.05185103416443,2023-07-21 10:59:29.753095300-04:00
20,2023-07-21T10:59:29.7530953-04:00,10047622,0.0,793.481262207031,192.266616821289,0.0,0.0,12.2074041366577,0.0,42985.3203125,11993.7744140625,0.0,3.05185103416443,2023-07-21 10:59:29.753095300-04:00
420,2023-07-21T10:59:29.7530953-04:00,10808161,0.0,885.036804199219,457.777648925781,0.0,0.0,6.10370206832886,0.0,16022.2177734375,6500.4423828125,0.0,3.05185103416443,2023-07-21 10:59:29.753095300-04:00
300,2023-07-21T10:59:29.7530953-04:00,10793169,0.0,976.59228515625,521.866516113281,0.0,0.0,0.0,0.0,16983.55078125,5798.5166015625,0.0,3.05185103416443,2023-07-21 10:59:29.753095300-04:00
440,2023-07-21T10:59:29.7530953-04:00,10808163,0.0,823.999755859375,430.310974121094,0.0,0.0,0.0,0.0,14007.99609375,6286.81298828125,0.0,3.05185103416443,2023-07-21 10:59:29.753095300-04:00
180,2023-07-21T10:59:29.7530953-04:00,10621447,0.0,518.814636230469,64.0888671875,0.0,0.0,0.0,0.0,11993.7744140625,4089.48022460938,0.0,3.05185103416443,2023-07-21 10:59:29.753095300-04:00
100,2023-07-21T10:59:29.7530953-04:00,10608851,0.0,1281.77734375,402.844329833984,0.0,0.0,0.0,0.0,8011.10888671875,1800.59204101563,0.0,3.05185103416443,2023-07-21 10:59:29.753095300-04:00
460,2023-07-21T10:59:29.7530953-04:00,10808163,0.0,823.999755859375,430.310974121094,0.0,0.0,0.0,0.0,14007.99609375,6286.81298828125,0.0,3.05185103416443,2023-07-21 10:59:29.753095300-04:00
160,2023-07-21T10:59:29.7530953-04:00,10621447,0.0,518.814636230469,64.0888671875,0.0,0.0,0.0,0.0,11993.7744140625,4089.48022460938,0.0,3.05185103416443,2023-07-21 10:59:29.753095300-04:00
120,2023-07-21T10:59:29.7530953-04:00,10621445,0.0,457.777648925781,45.7777633666992,0.0,0.0,0.0,0.0,3021.33251953125,1403.85144042969,0.0,3.05185103416443,2023-07-21 10:59:29.753095300-04:00
480,2023-07-21T10:59:29.7530953-04:00,10883313,0.0,885.036804199219,485.244293212891,0.0,0.0,6.10370206832886,0.0,16022.2177734375,5401.7763671875,0.0,3.05185103416443,2023-07-21 10:59:29.753095300-04:00
200,2023-07-21T10:59:29.7530953-04:00,10793167,0.0,854.518249511719,393.688781738281,0.0,0.0,0.0,0.0,11993.7744140625,5401.7763671875,0.0,3.05185103416443,2023-07-21 10:59:29.753095300-04:00
140,2023-07-21T10:59:29.7530953-04:00,10621445,0.0,457.777648925781,45.7777633666992,0.0,0.0,0.0,0.0,3021.33251953125,1403.85144042969,0.0,3.05185103416443,2023-07-21 10:59:29.753095300-04:00
500,2023-07-21T10:59:29.7530953-04:00,10883313,0.0,885.036804199219,485.244293212891,0.0,0.0,6.10370206832886,0.0,16022.2177734375,5401.7763671875,0.0,3.05185103416443,2023-07-21 10:59:29.753095300-04:00
181,2023-07-21T18:59:29.7530953-04:00,10621447,0.0,518.814636230469,64.0888671875,0.0,0.0,0.0,0.0,13000.884765625,4303.10986328125,0.0,3.05185103416443,2023-07-21 18:59:29.753095300-04:00
101,2023-07-21T18:59:29.7530953-04:00,10608851,0.0,1373.33288574219,430.310974121094,0.0,0.0,0.0,0.0,9018.2197265625,2105.77709960938,0.0,3.05185103416443,2023-07-21 18:59:29.753095300-04:00
281,2023-07-21T18:59:29.7530953-04:00,10793169,0.0,1007.11083984375,540.177612304688,0.0,0.0,0.0,0.0,17990.662109375,6103.70166015625,0.0,3.05185103416443,2023-07-21 18:59:29.753095300-04:00
241,2023-07-21T18:59:29.7530953-04:00,10793168,0.0,1220.74035644531,759.910888671875,0.0,0.0,6.10370206832886,0.0,23987.548828125,9491.2568359375,0.0,3.05185103416443,2023-07-21 18:59:29.753095300-04:00
121,2023-07-21T18:59:29.7530953-04:00,10621445,0.0,488.296142578125,45.7777633666992,0.0,0.0,0.0,0.0,3021.33251953125,1403.85144042969,0.0,3.05185103416443,2023-07-21 18:59:29.753095300-04:00
141,2023-07-21T18:59:29.7530953-04:00,10621445,0.0,488.296142578125,45.7777633666992,0.0,0.0,0.0,0.0,3021.33251953125,1403.85144042969,0.0,3.05185103416443,2023-07-21 18:59:29.753095300-04:00
221,2023-07-21T18:59:29.7530953-04:00,10793167,0.0,885.036804199219,402.844329833984,0.0,0.0,0.0,0.0,11993.7744140625,5584.88720703125,0.0,3.05185103416443,2023-07-21 18:59:29.753095300-04:00
201,2023-07-21T18:59:29.7530953-04:00,10793167,0.0,885.036804199219,402.844329833984,0.0,0.0,0.0,0.0,11993.7744140625,5584.88720703125,0.0,3.05185103416443,2023-07-21 18:59:29.753095300-04:00
161,2023-07-21T18:59:29.7530953-04:00,10621447,0.0,518.814636230469,64.0888671875,0.0,0.0,0.0,0.0,13000.884765625,4303.10986328125,0.0,3.05185103416443,2023-07-21 18:59:29.753095300-04:00
261,2023-07-21T18:59:29.7530953-04:00,10793168,0.0,1220.74035644531,759.910888671875,0.0,0.0,6.10370206832886,0.0,23987.548828125,9491.2568359375,0.0,3.05185103416443,2023-07-21 18:59:29.753095300-04:00
61,2023-07-21T18:59:29.7530953-04:00,10608848,0.0,946.073791503906,274.666595458984,0.0,0.0,0.0,30.5185089111328,5996.88720703125,2197.33276367188,0.0,3.05185103416443,2023-07-21 18:59:29.753095300-04:00
41,2023-07-21T18:59:29.7530953-04:00,10608848,0.0,946.073791503906,274.666595458984,0.0,0.0,0.0,30.5185089111328,5996.88720703125,2197.33276367188,0.0,3.05185103416443,2023-07-21 18:59:29.753095300-04:00
421,2023-07-21T18:59:29.7530953-04:00,10808161,0.0,915.555297851563,476.088745117188,0.0,0.0,6.10370206832886,0.0,16983.55078125,6805.62744140625,0.0,3.05185103416443,2023-07-21 18:59:29.753095300-04:00
1,2023-07-21T18:59:29.7530953-04:00,10047622,0.0,854.518249511719,201.422164916992,0.0,0.0,12.2074041366577,0.0,43992.4296875,12207.4033203125,0.0,3.05185103416443,2023-07-21 18:59:29.753095300-04:00
501,2023-07-21T18:59:29.7530953-04:00,10883313,0.0,946.073791503906,503.555419921875,0.0,0.0,6.10370206832886,0.0,16983.55078125,5798.5166015625,0.0,3.05185103416443,2023-07-21 18:59:29.753095300-04:00
481,2023-07-21T18:59:29.7530953-04:00,10883313,0.0,946.073791503906,503.555419921875,0.0,0.0,6.10370206832886,0.0,16983.55078125,5798.5166015625,0.0,3.05185103416443,2023-07-21 18:59:29.753095300-04:00
461,2023-07-21T18:59:29.7530953-04:00,10808163,0.0,915.555297851563,457.777648925781,0.0,0.0,0.0,0.0,15015.1064453125,6897.18310546875,0.0,3.05185103416443,2023-07-21 18:59:29.753095300-04:00
441,2023-07-21T18:59:29.7530953-04:00,10808163,0.0,915.555297851563,457.777648925781,0.0,0.0,0.0,0.0,15015.1064453125,6897.18310546875,0.0,3.05185103416443,2023-07-21 18:59:29.753095300-04:00
301,2023-07-21T18:59:29.7530953-04:00,10793169,0.0,1007.11083984375,540.177612304688,0.0,0.0,0.0,0.0,17990.662109375,6103.70166015625,0.0,3.05185103416443,2023-07-21 18:59:29.753095300-04:00
21,2023-07-21T18:59:29.7530953-04:00,10047622,0.0,854.518249511719,201.422164916992,0.0,0.0,12.2074041366577,0.0,43992.4296875,12207.4033203125,0.0,3.05185103416443,2023-07-21 18:59:29.753095300-04:00
401,2023-07-21T18:59:29.7530953-04:00,10808161,0.0,915.555297851563,476.088745117188,0.0,0.0,6.10370206832886,0.0,16983.55078125,6805.62744140625,0.0,3.05185103416443,2023-07-21 18:59:29.753095300-04:00
381,2023-07-21T18:59:29.7530953-04:00,10808160,0.0,1007.11083984375,476.088745117188,0.0,0.0,6.10370206832886,0.0,16983.55078125,6286.81298828125,0.0,3.05185103416443,2023-07-21 18:59:29.753095300-04:00
81,2023-07-21T18:59:29.7530953-04:00,10608851,0.0,1373.33288574219,430.310974121094,0.0,0.0,0.0,0.0,9018.2197265625,2105.77709960938,0.0,3.05185103416443,2023-07-21 18:59:29.753095300-04:00
354,2023-07-21T18:59:29.7530953-04:00,10795927,0.0,213.62956237793,201.422164916992,0.0,0.0,6.10370206832886,0.0,14007.99609375,8209.4794921875,0.0,3.05185103416443,2023-07-21 18:59:29.753095300-04:00
361,2023-07-21T18:59:29.7530953-04:00,10808160,0.0,1007.11083984375,476.088745117188,0.0,0.0,6.10370206832886,0.0,16983.55078125,6286.81298828125,0.0,3.05185103416443,2023-07-21 18:59:29.753095300-04:00
321,2023-07-21T18:59:29.7530953-04:00,10795927,0.0,213.62956237793,201.422164916992,0.0,0.0,6.10370206832886,0.0,14007.99609375,8209.4794921875,0.0,3.05185103416443,2023-07-21 18:59:29.753095300-04:00
282,2023-07-22T02:59:29.7530953-04:00,10793169,0.0,1007.11083984375,531.022094726563,0.0,0.0,0.0,0.0,16983.55078125,6012.146484375,0.0,3.05185103416443,2023-07-22 02:59:29.753095300-04:00
502,2023-07-22T02:59:29.7530953-04:00,10883313,0.0,915.555297851563,494.399841308594,0.0,0.0,6.10370206832886,0.0,16983.55078125,5706.96142578125,0.0,3.05185103416443,2023-07-22 02:59:29.753095300-04:00
102,2023-07-22T02:59:29.7530953-04:00,10608851,0.0,1403.85144042969,439.466522216797,0.0,0.0,0.0,0.0,9018.2197265625,2105.77709960938,0.0,3.05185103416443,2023-07-22 02:59:29.753095300-04:00
482,2023-07-22T02:59:29.7530953-04:00,10883313,0.0,915.555297851563,494.399841308594,0.0,0.0,6.10370206832886,0.0,16983.55078125,5706.96142578125,0.0,3.05185103416443,2023-07-22 02:59:29.753095300-04:00
122,2023-07-22T02:59:29.7530953-04:00,10621445,0.0,457.777648925781,45.7777633666992,0.0,0.0,0.0,0.0,3021.33251953125,1403.85144042969,0.0,3.05185103416443,2023-07-22 02:59:29.753095300-04:00
322,2023-07-22T02:59:29.7530953-04:00,10795927,0.0,213.62956237793,192.266616821289,0.0,0.0,6.10370206832886,0.0,14007.99609375,7904.2939453125,0.0,3.05185103416443,2023-07-22 02:59:29.753095300-04:00
462,2023-07-22T02:59:29.7530953-04:00,10808163,0.0,854.518249511719,439.466522216797,0.0,0.0,0.0,0.0,14007.99609375,6408.88720703125,0.0,3.05185103416443,2023-07-22 02:59:29.753095300-04:00
142,2023-07-22T02:59:29.7530953-04:00,10621445,0.0,457.777648925781,45.7777633666992,0.0,0.0,0.0,0.0,3021.33251953125,1403.85144042969,0.0,3.05185103416443,2023-07-22 02:59:29.753095300-04:00
382,2023-07-22T02:59:29.7530953-04:00,10808160,0.0,946.073791503906,466.933197021484,0.0,0.0,6.10370206832886,0.0,15015.1064453125,6591.998046875,0.0,3.05185103416443,2023-07-22 02:59:29.753095300-04:00
442,2023-07-22T02:59:29.7530953-04:00,10808163,0.0,854.518249511719,439.466522216797,0.0,0.0,0.0,0.0,14007.99609375,6408.88720703125,0.0,3.05185103416443,2023-07-22 02:59:29.753095300-04:00
162,2023-07-22T02:59:29.7530953-04:00,10621447,0.0,549.333190917969,64.0888671875,0.0,0.0,0.0,0.0,13000.884765625,4303.10986328125,0.0,3.05185103416443,2023-07-22 02:59:29.753095300-04:00
355,2023-07-22T02:59:29.7530953-04:00,10795927,0.0,213.62956237793,192.266616821289,0.0,0.0,6.10370206832886,0.0,14007.99609375,7904.2939453125,0.0,3.05185103416443,2023-07-22 02:59:29.753095300-04:00
422,2023-07-22T02:59:29.7530953-04:00,10808161,0.0,915.555297851563,466.933197021484,0.0,0.0,6.10370206832886,0.0,16983.55078125,6591.998046875,0.0,3.05185103416443,2023-07-22 02:59:29.753095300-04:00
182,2023-07-22T02:59:29.7530953-04:00,10621447,0.0,549.333190917969,64.0888671875,0.0,0.0,0.0,0.0,13000.884765625,4303.10986328125,0.0,3.05185103416443,2023-07-22 02:59:29.753095300-04:00
242,2023-07-22T02:59:29.7530953-04:00,10793168,0.0,1190.22192382813,741.599792480469,0.0,0.0,6.10370206832886,0.0,22980.4375,9186.0712890625,0.0,3.05185103416443,2023-07-22 02:59:29.753095300-04:00
402,2023-07-22T02:59:29.7530953-04:00,10808161,0.0,915.555297851563,466.933197021484,0.0,0.0,6.10370206832886,0.0,16983.55078125,6591.998046875,0.0,3.05185103416443,2023-07-22 02:59:29.753095300-04:00
362,2023-07-22T02:59:29.7530953-04:00,10808160,0.0,946.073791503906,466.933197021484,0.0,0.0,6.10370206832886,0.0,15015.1064453125,6591.998046875,0.0,3.05185103416443,2023-07-22 02:59:29.753095300-04:00
202,2023-07-22T02:59:29.7530953-04:00,10793167,0.0,885.036804199219,393.688781738281,0.0,0.0,0.0,0.0,11993.7744140625,5005.03564453125,0.0,3.05185103416443,2023-07-22 02:59:29.753095300-04:00
222,2023-07-22T02:59:29.7530953-04:00,10793167,0.0,885.036804199219,393.688781738281,0.0,0.0,0.0,0.0,11993.7744140625,5005.03564453125,0.0,3.05185103416443,2023-07-22 02:59:29.753095300-04:00
302,2023-07-22T02:59:29.7530953-04:00,10793169,0.0,1007.11083984375,531.022094726563,0.0,0.0,0.0,0.0,16983.55078125,6012.146484375,0.0,3.05185103416443,2023-07-22 02:59:29.753095300-04:00
262,2023-07-22T02:59:29.7530953-04:00,10793168,0.0,1190.22192382813,741.599792480469,0.0,0.0,6.10370206832886,0.0,22980.4375,9186.0712890625,0.0,3.05185103416443,2023-07-22 02:59:29.753095300-04:00
2,2023-07-22T02:59:29.7530953-04:00,10047622,0.0,823.999755859375,201.422164916992,0.0,0.0,12.2074041366577,0.0,42985.3203125,11597.033203125,0.0,3.05185103416443,2023-07-22 02:59:29.753095300-04:00
62,2023-07-22T02:59:29.7530953-04:00,10608848,0.0,915.555297851563,265.511047363281,0.0,0.0,0.0,30.5185089111328,5996.88720703125,2105.77709960938,0.0,3.05185103416443,2023-07-22 02:59:29.753095300-04:00
22,2023-07-22T02:59:29.7530953-04:00,10047622,0.0,823.999755859375,201.422164916992,0.0,0.0,12.2074041366577,0.0,42985.3203125,11597.033203125,0.0,3.05185103416443,2023-07-22 02:59:29.753095300-04:00
42,2023-07-22T02:59:29.7530953-04:00,10608848,0.0,915.555297851563,265.511047363281,0.0,0.0,0.0,30.5185089111328,5996.88720703125,2105.77709960938,0.0,3.05185103416443,2023-07-22 02:59:29.753095300-04:00
82,2023-07-22T02:59:29.7530953-04:00,10608851,0.0,1403.85144042969,439.466522216797,0.0,0.0,0.0,0.0,9018.2197265625,2105.77709960938,0.0,3.05185103416443,2023-07-22 02:59:29.753095300-04:00
84,2023-07-22T18:59:29.7530953-04:00,10608851,0.0,1495.40698242188,448.622100830078,0.0,0.0,0.0,0.0,9018.2197265625,2197.33276367188,0.0,3.05185103416443,2023-07-22 18:59:29.753095300-04:00
164,2023-07-22T18:59:29.7530953-04:00,10621447,0.0,549.333190917969,73.2444229125977,0.0,0.0,0.0,0.0,13000.884765625,4394.66552734375,0.0,3.05185103416443,2023-07-22 18:59:29.753095300-04:00
64,2023-07-22T18:59:29.7530953-04:00,10608848,0.0,946.073791503906,274.666595458984,0.0,0.0,0.0,30.5185089111328,5996.88720703125,2197.33276367188,0.0,3.05185103416443,2023-07-22 18:59:29.753095300-04:00
184,2023-07-22T18:59:29.7530953-04:00,10621447,0.0,549.333190917969,73.2444229125977,0.0,0.0,0.0,0.0,13000.884765625,4394.66552734375,0.0,3.05185103416443,2023-07-22 18:59:29.753095300-04:00
204,2023-07-22T18:59:29.7530953-04:00,10793167,0.0,885.036804199219,402.844329833984,0.0,0.0,0.0,0.0,11993.7744140625,5096.59130859375,0.0,3.05185103416443,2023-07-22 18:59:29.753095300-04:00
224,2023-07-22T18:59:29.7530953-04:00,10793167,0.0,885.036804199219,402.844329833984,0.0,0.0,0.0,0.0,11993.7744140625,5096.59130859375,0.0,3.05185103416443,2023-07-22 18:59:29.753095300-04:00
244,2023-07-22T18:59:29.7530953-04:00,10793168,0.0,1220.74035644531,750.755310058594,0.0,0.0,6.10370206832886,0.0,23987.548828125,9613.330078125,0.0,3.05185103416443,2023-07-22 18:59:29.753095300-04:00
264,2023-07-22T18:59:29.7530953-04:00,10793168,0.0,1220.74035644531,750.755310058594,0.0,0.0,6.10370206832886,0.0,23987.548828125,9613.330078125,0.0,3.05185103416443,2023-07-22 18:59:29.753095300-04:00
284,2023-07-22T18:59:29.7530953-04:00,10793169,0.0,1007.11083984375,540.177612304688,0.0,0.0,0.0,0.0,17990.662109375,6195.25732421875,0.0,3.05185103416443,2023-07-22 18:59:29.753095300-04:00
44,2023-07-22T18:59:29.7530953-04:00,10608848,0.0,946.073791503906,274.666595458984,0.0,0.0,0.0,30.5185089111328,5996.88720703125,2197.33276367188,0.0,3.05185103416443,2023-07-22 18:59:29.753095300-04:00
324,2023-07-22T18:59:29.7530953-04:00,10795927,0.0,213.62956237793,201.422164916992,0.0,0.0,6.10370206832886,0.0,14007.99609375,8087.40478515625,0.0,3.05185103416443,2023-07-22 18:59:29.753095300-04:00
357,2023-07-22T18:59:29.7530953-04:00,10795927,0.0,213.62956237793,201.422164916992,0.0,0.0,6.10370206832886,0.0,14007.99609375,8087.40478515625,0.0,3.05185103416443,2023-07-22 18:59:29.753095300-04:00
364,2023-07-22T18:59:29.7530953-04:00,10808160,0.0,1007.11083984375,476.088745117188,0.0,0.0,6.10370206832886,0.0,16022.2177734375,6897.18310546875,0.0,3.05185103416443,2023-07-22 18:59:29.753095300-04:00
384,2023-07-22T18:59:29.7530953-04:00,10808160,0.0,1007.11083984375,476.088745117188,0.0,0.0,6.10370206832886,0.0,16022.2177734375,6897.18310546875,0.0,3.05185103416443,2023-07-22 18:59:29.753095300-04:00
24,2023-07-22T18:59:29.7530953-04:00,10047622,0.0,854.518249511719,210.577713012695,0.0,0.0,12.2074041366577,0.0,44999.54296875,11902.21875,0.0,3.05185103416443,2023-07-22 18:59:29.753095300-04:00
404,2023-07-22T18:59:29.7530953-04:00,10808161,0.0,915.555297851563,476.088745117188,0.0,0.0,6.10370206832886,0.0,16983.55078125,6897.18310546875,0.0,3.05185103416443,2023-07-22 18:59:29.753095300-04:00
424,2023-07-22T18:59:29.7530953-04:00,10808161,0.0,915.555297851563,476.088745117188,0.0,0.0,6.10370206832886,0.0,16983.55078125,6897.18310546875,0.0,3.05185103416443,2023-07-22 18:59:29.753095300-04:00
444,2023-07-22T18:59:29.7530953-04:00,10808163,0.0,915.555297851563,457.777648925781,0.0,0.0,0.0,0.0,16022.2177734375,6988.73876953125,0.0,3.05185103416443,2023-07-22 18:59:29.753095300-04:00
464,2023-07-22T18:59:29.7530953-04:00,10808163,0.0,915.555297851563,457.777648925781,0.0,0.0,0.0,0.0,16022.2177734375,6988.73876953125,0.0,3.05185103416443,2023-07-22 18:59:29.753095300-04:00
484,2023-07-22T18:59:29.7530953-04:00,10883313,0.0,946.073791503906,503.555419921875,0.0,0.0,6.10370206832886,0.0,16983.55078125,5890.072265625,0.0,3.05185103416443,2023-07-22 18:59:29.753095300-04:00
4,2023-07-22T18:59:29.7530953-04:00,10047622,0.0,854.518249511719,210.577713012695,0.0,0.0,12.2074041366577,0.0,44999.54296875,11902.21875,0.0,3.05185103416443,2023-07-22 18:59:29.753095300-04:00
504,2023-07-22T18:59:29.7530953-04:00,10883313,0.0,946.073791503906,503.555419921875,0.0,0.0,6.10370206832886,0.0,16983.55078125,5890.072265625,0.0,3.05185103416443,2023-07-22 18:59:29.753095300-04:00
144,2023-07-22T18:59:29.7530953-04:00,10621445,0.0,488.296142578125,45.7777633666992,0.0,0.0,0.0,0.0,3021.33251953125,1403.85144042969,0.0,3.05185103416443,2023-07-22 18:59:29.753095300-04:00
124,2023-07-22T18:59:29.7530953-04:00,10621445,0.0,488.296142578125,45.7777633666992,0.0,0.0,0.0,0.0,3021.33251953125,1403.85144042969,0.0,3.05185103416443,2023-07-22 18:59:29.753095300-04:00
304,2023-07-22T18:59:29.7530953-04:00,10793169,0.0,1007.11083984375,540.177612304688,0.0,0.0,0.0,0.0,17990.662109375,6195.25732421875,0.0,3.05185103416443,2023-07-22 18:59:29.753095300-04:00
104,2023-07-22T18:59:29.7530953-04:00,10608851,0.0,1495.40698242188,448.622100830078,0.0,0.0,0.0,0.0,9018.2197265625,2197.33276367188,0.0,3.05185103416443,2023-07-22 18:59:29.753095300-04:00
506,2023-07-23T10:59:29.7530953-04:00,10883313,0.0,854.518249511719,476.088745117188,0.0,0.0,6.10370206832886,0.0,16983.55078125,5493.33154296875,0.0,3.05185103416443,2023-07-23 10:59:29.753095300-04:00
466,2023-07-23T10:59:29.7530953-04:00,10808163,0.0,823.999755859375,430.310974121094,0.0,0.0,0.0,0.0,15015.1064453125,6500.4423828125,0.0,3.05185103416443,2023-07-23 10:59:29.753095300-04:00
426,2023-07-23T10:59:29.7530953-04:00,10808161,0.0,854.518249511719,448.622100830078,0.0,0.0,6.10370206832886,0.0,16983.55078125,6500.4423828125,0.0,3.05185103416443,2023-07-23 10:59:29.753095300-04:00
366,2023-07-23T10:59:29.7530953-04:00,10808160,0.0,976.59228515625,476.088745117188,0.0,0.0,6.10370206832886,0.0,16022.2177734375,7110.8125,0.0,3.05185103416443,2023-07-23 10:59:29.753095300-04:00
146,2023-07-23T10:59:29.7530953-04:00,10621445,0.0,457.777648925781,45.7777633666992,0.0,0.0,0.0,0.0,3021.33251953125,1403.85144042969,0.0,3.05185103416443,2023-07-23 10:59:29.753095300-04:00
226,2023-07-23T10:59:29.7530953-04:00,10793167,0.0,854.518249511719,384.533233642578,0.0,0.0,0.0,0.0,10986.6630859375,5706.96142578125,0.0,3.05185103416443,2023-07-23 10:59:29.753095300-04:00
386,2023-07-23T10:59:29.7530953-04:00,10808160,0.0,976.59228515625,476.088745117188,0.0,0.0,6.10370206832886,0.0,16022.2177734375,7110.8125,0.0,3.05185103416443,2023-07-23 10:59:29.753095300-04:00
46,2023-07-23T10:59:29.7530953-04:00,10608848,0.0,885.036804199219,265.511047363281,0.0,0.0,0.0,30.5185089111328,5996.88720703125,2105.77709960938,0.0,3.05185103416443,2023-07-23 10:59:29.753095300-04:00
206,2023-07-23T10:59:29.7530953-04:00,10793167,0.0,854.518249511719,384.533233642578,0.0,0.0,0.0,0.0,10986.6630859375,5706.96142578125,0.0,3.05185103416443,2023-07-23 10:59:29.753095300-04:00
26,2023-07-23T10:59:29.7530953-04:00,10047622,0.0,823.999755859375,201.422164916992,0.0,0.0,12.2074041366577,0.0,43992.4296875,13397.6259765625,0.0,3.05185103416443,2023-07-23 10:59:29.753095300-04:00
406,2023-07-23T10:59:29.7530953-04:00,10808161,0.0,854.518249511719,448.622100830078,0.0,0.0,6.10370206832886,0.0,16983.55078125,6500.4423828125,0.0,3.05185103416443,2023-07-23 10:59:29.753095300-04:00
186,2023-07-23T10:59:29.7530953-04:00,10621447,0.0,518.814636230469,64.0888671875,0.0,0.0,0.0,0.0,13000.884765625,4211.55419921875,0.0,3.05185103416443,2023-07-23 10:59:29.753095300-04:00
66,2023-07-23T10:59:29.7530953-04:00,10608848,0.0,885.036804199219,265.511047363281,0.0,0.0,0.0,30.5185089111328,5996.88720703125,2105.77709960938,0.0,3.05185103416443,2023-07-23 10:59:29.753095300-04:00
446,2023-07-23T10:59:29.7530953-04:00,10808163,0.0,823.999755859375,430.310974121094,0.0,0.0,0.0,0.0,15015.1064453125,6500.4423828125,0.0,3.05185103416443,2023-07-23 10:59:29.753095300-04:00
166,2023-07-23T10:59:29.7530953-04:00,10621447,0.0,518.814636230469,64.0888671875,0.0,0.0,0.0,0.0,13000.884765625,4211.55419921875,0.0,3.05185103416443,2023-07-23 10:59:29.753095300-04:00
6,2023-07-23T10:59:29.7530953-04:00,10047622,0.0,823.999755859375,201.422164916992,0.0,0.0,12.2074041366577,0.0,43992.4296875,13397.6259765625,0.0,3.05185103416443,2023-07-23 10:59:29.753095300-04:00
246,2023-07-23T10:59:29.7530953-04:00,10793168,0.0,1129.18481445313,714.133117675781,0.0,0.0,6.10370206832886,0.0,22019.10546875,9491.2568359375,0.0,3.05185103416443,2023-07-23 10:59:29.753095300-04:00
359,2023-07-23T10:59:29.7530953-04:00,10795927,0.0,213.62956237793,201.422164916992,0.0,0.0,6.10370206832886,0.0,13000.884765625,7812.73828125,0.0,3.05185103416443,2023-07-23 10:59:29.753095300-04:00
86,2023-07-23T10:59:29.7530953-04:00,10608851,0.0,1434.36999511719,430.310974121094,0.0,0.0,0.0,0.0,9979.552734375,2105.77709960938,0.0,3.05185103416443,2023-07-23 10:59:29.753095300-04:00
106,2023-07-23T10:59:29.7530953-04:00,10608851,0.0,1434.36999511719,430.310974121094,0.0,0.0,0.0,0.0,9979.552734375,2105.77709960938,0.0,3.05185103416443,2023-07-23 10:59:29.753095300-04:00
266,2023-07-23T10:59:29.7530953-04:00,10793168,0.0,1129.18481445313,714.133117675781,0.0,0.0,6.10370206832886,0.0,22019.10546875,9491.2568359375,0.0,3.05185103416443,2023-07-23 10:59:29.753095300-04:00
306,2023-07-23T10:59:29.7530953-04:00,10793169,0.0,946.073791503906,521.866516113281,0.0,0.0,0.0,0.0,16983.55078125,5798.5166015625,0.0,3.05185103416443,2023-07-23 10:59:29.753095300-04:00
286,2023-07-23T10:59:29.7530953-04:00,10793169,0.0,946.073791503906,521.866516113281,0.0,0.0,0.0,0.0,16983.55078125,5798.5166015625,0.0,3.05185103416443,2023-07-23 10:59:29.753095300-04:00
326,2023-07-23T10:59:29.7530953-04:00,10795927,0.0,213.62956237793,201.422164916992,0.0,0.0,6.10370206832886,0.0,13000.884765625,7812.73828125,0.0,3.05185103416443,2023-07-23 10:59:29.753095300-04:00
486,2023-07-23T10:59:29.7530953-04:00,10883313,0.0,854.518249511719,476.088745117188,0.0,0.0,6.10370206832886,0.0,16983.55078125,5493.33154296875,0.0,3.05185103416443,2023-07-23 10:59:29.753095300-04:00
126,2023-07-23T10:59:29.7530953-04:00,10621445,0.0,457.777648925781,45.7777633666992,0.0,0.0,0.0,0.0,3021.33251953125,1403.85144042969,0.0,3.05185103416443,2023-07-23 10:59:29.753095300-04:00
67,2023-07-23T18:59:29.7530953-04:00,10608848,0.0,946.073791503906,274.666595458984,0.0,0.0,0.0,30.5185089111328,5996.88720703125,2197.33276367188,0.0,3.05185103416443,2023-07-23 18:59:29.753095300-04:00
507,2023-07-23T18:59:29.7530953-04:00,10883313,0.0,946.073791503906,503.555419921875,0.0,0.0,6.10370206832886,0.0,16983.55078125,5890.072265625,0.0,3.05185103416443,2023-07-23 18:59:29.753095300-04:00
287,2023-07-23T18:59:29.7530953-04:00,10793169,0.0,1007.11083984375,540.177612304688,0.0,0.0,0.0,0.0,17990.662109375,6195.25732421875,0.0,3.05185103416443,2023-07-23 18:59:29.753095300-04:00
187,2023-07-23T18:59:29.7530953-04:00,10621447,0.0,549.333190917969,73.2444229125977,0.0,0.0,0.0,0.0,13000.884765625,4394.66552734375,0.0,3.05185103416443,2023-07-23 18:59:29.753095300-04:00
407,2023-07-23T18:59:29.7530953-04:00,10808161,0.0,946.073791503906,485.244293212891,0.0,0.0,6.10370206832886,0.0,17990.662109375,6988.73876953125,0.0,3.05185103416443,2023-07-23 18:59:29.753095300-04:00
47,2023-07-23T18:59:29.7530953-04:00,10608848,0.0,946.073791503906,274.666595458984,0.0,0.0,0.0,30.5185089111328,5996.88720703125,2197.33276367188,0.0,3.05185103416443,2023-07-23 18:59:29.753095300-04:00
107,2023-07-23T18:59:29.7530953-04:00,10608851,0.0,1495.40698242188,457.777648925781,0.0,0.0,0.0,0.0,9979.552734375,2288.88818359375,0.0,3.05185103416443,2023-07-23 18:59:29.753095300-04:00
247,2023-07-23T18:59:29.7530953-04:00,10793168,0.0,1312.2958984375,750.755310058594,0.0,0.0,6.10370206832886,0.0,23987.548828125,9308.1455078125,0.0,3.05185103416443,2023-07-23 18:59:29.753095300-04:00
387,2023-07-23T18:59:29.7530953-04:00,10808160,0.0,1007.11083984375,476.088745117188,0.0,0.0,6.10370206832886,0.0,16022.2177734375,7110.8125,0.0,3.05185103416443,2023-07-23 18:59:29.753095300-04:00
87,2023-07-23T18:59:29.7530953-04:00,10608851,0.0,1495.40698242188,457.777648925781,0.0,0.0,0.0,0.0,9979.552734375,2288.88818359375,0.0,3.05185103416443,2023-07-23 18:59:29.753095300-04:00
27,2023-07-23T18:59:29.7530953-04:00,10047622,0.0,854.518249511719,210.577713012695,0.0,0.0,12.2074041366577,0.0,43992.4296875,13885.921875,0.0,3.05185103416443,2023-07-23 18:59:29.753095300-04:00
227,2023-07-23T18:59:29.7530953-04:00,10793167,0.0,885.036804199219,411.999877929688,0.0,0.0,0.0,0.0,11993.7744140625,6012.146484375,0.0,3.05185103416443,2023-07-23 18:59:29.753095300-04:00
367,2023-07-23T18:59:29.7530953-04:00,10808160,0.0,1007.11083984375,476.088745117188,0.0,0.0,6.10370206832886,0.0,16022.2177734375,7110.8125,0.0,3.05185103416443,2023-07-23 18:59:29.753095300-04:00
327,2023-07-23T18:59:29.7530953-04:00,10795927,0.0,213.62956237793,201.422164916992,0.0,0.0,6.10370206832886,0.0,14007.99609375,8301.0341796875,0.0,3.05185103416443,2023-07-23 18:59:29.753095300-04:00
267,2023-07-23T18:59:29.7530953-04:00,10793168,0.0,1312.2958984375,750.755310058594,0.0,0.0,6.10370206832886,0.0,23987.548828125,9308.1455078125,0.0,3.05185103416443,2023-07-23 18:59:29.753095300-04:00
340,2023-07-23T18:59:29.7530953-04:00,10795927,0.0,213.62956237793,201.422164916992,0.0,0.0,6.10370206832886,0.0,14007.99609375,8301.0341796875,0.0,3.05185103416443,2023-07-23 18:59:29.753095300-04:00
207,2023-07-23T18:59:29.7530953-04:00,10793167,0.0,885.036804199219,411.999877929688,0.0,0.0,0.0,0.0,11993.7744140625,6012.146484375,0.0,3.05185103416443,2023-07-23 18:59:29.753095300-04:00
427,2023-07-23T18:59:29.7530953-04:00,10808161,0.0,946.073791503906,485.244293212891,0.0,0.0,6.10370206832886,0.0,17990.662109375,6988.73876953125,0.0,3.05185103416443,2023-07-23 18:59:29.753095300-04:00
307,2023-07-23T18:59:29.7530953-04:00,10793169,0.0,1007.11083984375,540.177612304688,0.0,0.0,0.0,0.0,17990.662109375,6195.25732421875,0.0,3.05185103416443,2023-07-23 18:59:29.753095300-04:00
7,2023-07-23T18:59:29.7530953-04:00,10047622,0.0,854.518249511719,210.577713012695,0.0,0.0,12.2074041366577,0.0,43992.4296875,13885.921875,0.0,3.05185103416443,2023-07-23 18:59:29.753095300-04:00
127,2023-07-23T18:59:29.7530953-04:00,10621445,0.0,488.296142578125,45.7777633666992,0.0,0.0,0.0,0.0,3021.33251953125,1403.85144042969,0.0,3.05185103416443,2023-07-23 18:59:29.753095300-04:00
447,2023-07-23T18:59:29.7530953-04:00,10808163,0.0,915.555297851563,457.777648925781,0.0,0.0,0.0,0.0,16022.2177734375,7110.8125,0.0,3.05185103416443,2023-07-23 18:59:29.753095300-04:00
487,2023-07-23T18:59:29.7530953-04:00,10883313,0.0,946.073791503906,503.555419921875,0.0,0.0,6.10370206832886,0.0,16983.55078125,5890.072265625,0.0,3.05185103416443,2023-07-23 18:59:29.753095300-04:00
147,2023-07-23T18:59:29.7530953-04:00,10621445,0.0,488.296142578125,45.7777633666992,0.0,0.0,0.0,0.0,3021.33251953125,1403.85144042969,0.0,3.05185103416443,2023-07-23 18:59:29.753095300-04:00
167,2023-07-23T18:59:29.7530953-04:00,10621447,0.0,549.333190917969,73.2444229125977,0.0,0.0,0.0,0.0,13000.884765625,4394.66552734375,0.0,3.05185103416443,2023-07-23 18:59:29.753095300-04:00
467,2023-07-23T18:59:29.7530953-04:00,10808163,0.0,915.555297851563,457.777648925781,0.0,0.0,0.0,0.0,16022.2177734375,7110.8125,0.0,3.05185103416443,2023-07-23 18:59:29.753095300-04:00
48,2023-07-24T02:59:29.7530953-04:00,10608848,0.0,915.555297851563,265.511047363281,0.0,0.0,0.0,30.5185089111328,5996.88720703125,2105.77709960938,0.0,3.05185103416443,2023-07-24 02:59:29.753095300-04:00
448,2023-07-24T02:59:29.7530953-04:00,10808163,0.0,854.518249511719,430.310974121094,0.0,0.0,0.0,0.0,14007.99609375,6500.4423828125,0.0,3.05185103416443,2023-07-24 02:59:29.753095300-04:00
368,2023-07-24T02:59:29.7530953-04:00,10808160,0.0,946.073791503906,457.777648925781,0.0,0.0,6.10370206832886,0.0,15015.1064453125,6714.072265625,0.0,3.05185103416443,2023-07-24 02:59:29.753095300-04:00
128,2023-07-24T02:59:29.7530953-04:00,10621445,0.0,457.777648925781,45.7777633666992,0.0,0.0,0.0,0.0,3021.33251953125,1403.85144042969,0.0,3.05185103416443,2023-07-24 02:59:29.753095300-04:00
228,2023-07-24T02:59:29.7530953-04:00,10793167,0.0,885.036804199219,393.688781738281,0.0,0.0,0.0,0.0,11993.7744140625,5798.5166015625,0.0,3.05185103416443,2023-07-24 02:59:29.753095300-04:00
28,2023-07-24T02:59:29.7530953-04:00,10047622,0.0,793.481262207031,192.266616821289,0.0,0.0,12.2074041366577,0.0,41978.2109375,12604.14453125,0.0,3.05185103416443,2023-07-24 02:59:29.753095300-04:00
288,2023-07-24T02:59:29.7530953-04:00,10793169,0.0,1007.11083984375,531.022094726563,0.0,0.0,0.0,0.0,16983.55078125,5890.072265625,0.0,3.05185103416443,2023-07-24 02:59:29.753095300-04:00
488,2023-07-24T02:59:29.7530953-04:00,10883313,0.0,915.555297851563,485.244293212891,0.0,0.0,6.10370206832886,0.0,16022.2177734375,5706.96142578125,0.0,3.05185103416443,2023-07-24 02:59:29.753095300-04:00
108,2023-07-24T02:59:29.7530953-04:00,10608851,0.0,1342.814453125,393.688781738281,0.0,0.0,0.0,0.0,8011.10888671875,1800.59204101563,0.0,3.05185103416443,2023-07-24 02:59:29.753095300-04:00
388,2023-07-24T02:59:29.7530953-04:00,10808160,0.0,946.073791503906,457.777648925781,0.0,0.0,6.10370206832886,0.0,15015.1064453125,6714.072265625,0.0,3.05185103416443,2023-07-24 02:59:29.753095300-04:00
508,2023-07-24T02:59:29.7530953-04:00,10883313,0.0,915.555297851563,485.244293212891,0.0,0.0,6.10370206832886,0.0,16022.2177734375,5706.96142578125,0.0,3.05185103416443,2023-07-24 02:59:29.753095300-04:00
8,2023-07-24T02:59:29.7530953-04:00,10047622,0.0,793.481262207031,192.266616821289,0.0,0.0,12.2074041366577,0.0,41978.2109375,12604.14453125,0.0,3.05185103416443,2023-07-24 02:59:29.753095300-04:00
208,2023-07-24T02:59:29.7530953-04:00,10793167,0.0,885.036804199219,393.688781738281,0.0,0.0,0.0,0.0,11993.7744140625,5798.5166015625,0.0,3.05185103416443,2023-07-24 02:59:29.753095300-04:00
148,2023-07-24T02:59:29.7530953-04:00,10621445,0.0,457.777648925781,45.7777633666992,0.0,0.0,0.0,0.0,3021.33251953125,1403.85144042969,0.0,3.05185103416443,2023-07-24 02:59:29.753095300-04:00
408,2023-07-24T02:59:29.7530953-04:00,10808161,0.0,885.036804199219,466.933197021484,0.0,0.0,6.10370206832886,0.0,16022.2177734375,6500.4423828125,0.0,3.05185103416443,2023-07-24 02:59:29.753095300-04:00
468,2023-07-24T02:59:29.7530953-04:00,10808163,0.0,854.518249511719,430.310974121094,0.0,0.0,0.0,0.0,14007.99609375,6500.4423828125,0.0,3.05185103416443,2023-07-24 02:59:29.753095300-04:00
268,2023-07-24T02:59:29.7530953-04:00,10793168,0.0,1190.22192382813,741.599792480469,0.0,0.0,6.10370206832886,0.0,22980.4375,9002.9599609375,0.0,3.05185103416443,2023-07-24 02:59:29.753095300-04:00
248,2023-07-24T02:59:29.7530953-04:00,10793168,0.0,1190.22192382813,741.599792480469,0.0,0.0,6.10370206832886,0.0,22980.4375,9002.9599609375,0.0,3.05185103416443,2023-07-24 02:59:29.753095300-04:00
188,2023-07-24T02:59:29.7530953-04:00,10621447,0.0,518.814636230469,64.0888671875,0.0,0.0,0.0,0.0,11993.7744140625,4211.55419921875,0.0,3.05185103416443,2023-07-24 02:59:29.753095300-04:00
88,2023-07-24T02:59:29.7530953-04:00,10608851,0.0,1342.814453125,393.688781738281,0.0,0.0,0.0,0.0,8011.10888671875,1800.59204101563,0.0,3.05185103416443,2023-07-24 02:59:29.753095300-04:00
428,2023-07-24T02:59:29.7530953-04:00,10808161,0.0,885.036804199219,466.933197021484,0.0,0.0,6.10370206832886,0.0,16022.2177734375,6500.4423828125,0.0,3.05185103416443,2023-07-24 02:59:29.753095300-04:00
341,2023-07-24T02:59:29.7530953-04:00,10795927,0.0,213.62956237793,201.422164916992,0.0,0.0,6.10370206832886,0.0,14007.99609375,7904.2939453125,0.0,3.05185103416443,2023-07-24 02:59:29.753095300-04:00
308,2023-07-24T02:59:29.7530953-04:00,10793169,0.0,1007.11083984375,531.022094726563,0.0,0.0,0.0,0.0,16983.55078125,5890.072265625,0.0,3.05185103416443,2023-07-24 02:59:29.753095300-04:00
328,2023-07-24T02:59:29.7530953-04:00,10795927,0.0,213.62956237793,201.422164916992,0.0,0.0,6.10370206832886,0.0,14007.99609375,7904.2939453125,0.0,3.05185103416443,2023-07-24 02:59:29.753095300-04:00
168,2023-07-24T02:59:29.7530953-04:00,10621447,0.0,518.814636230469,64.0888671875,0.0,0.0,0.0,0.0,11993.7744140625,4211.55419921875,0.0,3.05185103416443,2023-07-24 02:59:29.753095300-04:00
68,2023-07-24T02:59:29.7530953-04:00,10608848,0.0,915.555297851563,265.511047363281,0.0,0.0,0.0,30.5185089111328,5996.88720703125,2105.77709960938,0.0,3.05185103416443,2023-07-24 02:59:29.753095300-04:00
269,2023-07-24T10:59:29.7530953-04:00,10793168,0.0,1159.70336914063,677.510925292969,0.0,0.0,6.10370206832886,0.0,22980.4375,8789.3310546875,0.0,3.05185103416443,2023-07-24 10:59:29.753095300-04:00
509,2023-07-24T10:59:29.7530953-04:00,10883313,0.0,885.036804199219,476.088745117188,0.0,0.0,6.10370206832886,0.0,16022.2177734375,5493.33154296875,0.0,3.05185103416443,2023-07-24 10:59:29.753095300-04:00
342,2023-07-24T10:59:29.7530953-04:00,10795927,0.0,213.62956237793,192.266616821289,0.0,0.0,6.10370206832886,0.0,13000.884765625,7690.66455078125,0.0,3.05185103416443,2023-07-24 10:59:29.753095300-04:00
329,2023-07-24T10:59:29.7530953-04:00,10795927,0.0,213.62956237793,192.266616821289,0.0,0.0,6.10370206832886,0.0,13000.884765625,7690.66455078125,0.0,3.05185103416443,2023-07-24 10:59:29.753095300-04:00
229,2023-07-24T10:59:29.7530953-04:00,10793167,0.0,854.518249511719,384.533233642578,0.0,0.0,0.0,0.0,10986.6630859375,5584.88720703125,0.0,3.05185103416443,2023-07-24 10:59:29.753095300-04:00
249,2023-07-24T10:59:29.7530953-04:00,10793168,0.0,1159.70336914063,677.510925292969,0.0,0.0,6.10370206832886,0.0,22980.4375,8789.3310546875,0.0,3.05185103416443,2023-07-24 10:59:29.753095300-04:00
369,2023-07-24T10:59:29.7530953-04:00,10808160,0.0,946.073791503906,457.777648925781,0.0,0.0,6.10370206832886,0.0,16022.2177734375,6714.072265625,0.0,3.05185103416443,2023-07-24 10:59:29.753095300-04:00
129,2023-07-24T10:59:29.7530953-04:00,10621445,0.0,457.777648925781,45.7777633666992,0.0,0.0,0.0,0.0,3021.33251953125,1403.85144042969,0.0,3.05185103416443,2023-07-24 10:59:29.753095300-04:00
469,2023-07-24T10:59:29.7530953-04:00,10808163,0.0,823.999755859375,421.155426025391,0.0,0.0,0.0,0.0,14007.99609375,6286.81298828125,0.0,3.05185103416443,2023-07-24 10:59:29.753095300-04:00
149,2023-07-24T10:59:29.7530953-04:00,10621445,0.0,457.777648925781,45.7777633666992,0.0,0.0,0.0,0.0,3021.33251953125,1403.85144042969,0.0,3.05185103416443,2023-07-24 10:59:29.753095300-04:00
49,2023-07-24T10:59:29.7530953-04:00,10608848,0.0,885.036804199219,265.511047363281,0.0,0.0,0.0,30.5185089111328,5996.88720703125,2105.77709960938,0.0,3.05185103416443,2023-07-24 10:59:29.753095300-04:00
9,2023-07-24T10:59:29.7530953-04:00,10047622,0.0,793.481262207031,192.266616821289,0.0,0.0,12.2074041366577,0.0,41978.2109375,11993.7744140625,0.0,3.05185103416443,2023-07-24 10:59:29.753095300-04:00
89,2023-07-24T10:59:29.7530953-04:00,10608851,0.0,1129.18481445313,384.533233642578,0.0,0.0,0.0,0.0,8011.10888671875,1709.03649902344,0.0,3.05185103416443,2023-07-24 10:59:29.753095300-04:00
29,2023-07-24T10:59:29.7530953-04:00,10047622,0.0,793.481262207031,192.266616821289,0.0,0.0,12.2074041366577,0.0,41978.2109375,11993.7744140625,0.0,3.05185103416443,2023-07-24 10:59:29.753095300-04:00
409,2023-07-24T10:59:29.7530953-04:00,10808161,0.0,885.036804199219,457.777648925781,0.0,0.0,6.10370206832886,0.0,16022.2177734375,6286.81298828125,0.0,3.05185103416443,2023-07-24 10:59:29.753095300-04:00
69,2023-07-24T10:59:29.7530953-04:00,10608848,0.0,885.036804199219,265.511047363281,0.0,0.0,0.0,30.5185089111328,5996.88720703125,2105.77709960938,0.0,3.05185103416443,2023-07-24 10:59:29.753095300-04:00
449,2023-07-24T10:59:29.7530953-04:00,10808163,0.0,823.999755859375,421.155426025391,0.0,0.0,0.0,0.0,14007.99609375,6286.81298828125,0.0,3.05185103416443,2023-07-24 10:59:29.753095300-04:00
169,2023-07-24T10:59:29.7530953-04:00,10621447,0.0,518.814636230469,64.0888671875,0.0,0.0,0.0,0.0,11993.7744140625,4089.48022460938,0.0,3.05185103416443,2023-07-24 10:59:29.753095300-04:00
309,2023-07-24T10:59:29.7530953-04:00,10793169,0.0,976.59228515625,521.866516113281,0.0,0.0,0.0,0.0,16983.55078125,5706.96142578125,0.0,3.05185103416443,2023-07-24 10:59:29.753095300-04:00
429,2023-07-24T10:59:29.7530953-04:00,10808161,0.0,885.036804199219,457.777648925781,0.0,0.0,6.10370206832886,0.0,16022.2177734375,6286.81298828125,0.0,3.05185103416443,2023-07-24 10:59:29.753095300-04:00
489,2023-07-24T10:59:29.7530953-04:00,10883313,0.0,885.036804199219,476.088745117188,0.0,0.0,6.10370206832886,0.0,16022.2177734375,5493.33154296875,0.0,3.05185103416443,2023-07-24 10:59:29.753095300-04:00
289,2023-07-24T10:59:29.7530953-04:00,10793169,0.0,976.59228515625,521.866516113281,0.0,0.0,0.0,0.0,16983.55078125,5706.96142578125,0.0,3.05185103416443,2023-07-24 10:59:29.753095300-04:00
209,2023-07-24T10:59:29.7530953-04:00,10793167,0.0,854.518249511719,384.533233642578,0.0,0.0,0.0,0.0,10986.6630859375,5584.88720703125,0.0,3.05185103416443,2023-07-24 10:59:29.753095300-04:00
389,2023-07-24T10:59:29.7530953-04:00,10808160,0.0,946.073791503906,457.777648925781,0.0,0.0,6.10370206832886,0.0,16022.2177734375,6714.072265625,0.0,3.05185103416443,2023-07-24 10:59:29.753095300-04:00
109,2023-07-24T10:59:29.7530953-04:00,10608851,0.0,1129.18481445313,384.533233642578,0.0,0.0,0.0,0.0,8011.10888671875,1709.03649902344,0.0,3.05185103416443,2023-07-24 10:59:29.753095300-04:00
189,2023-07-24T10:59:29.7530953-04:00,10621447,0.0,518.814636230469,64.0888671875,0.0,0.0,0.0,0.0,11993.7744140625,4089.48022460938,0.0,3.05185103416443,2023-07-24 10:59:29.753095300-04:00
430,2023-07-24T18:59:29.7530953-04:00,10808161,0.0,915.555297851563,476.088745117188,0.0,0.0,6.10370206832886,0.0,16983.55078125,6805.62744140625,0.0,3.05185103416443,2023-07-24 18:59:29.753095300-04:00
270,2023-07-24T18:59:29.7530953-04:00,10793168,0.0,1220.74035644531,723.288696289063,0.0,0.0,6.10370206832886,0.0,27008.880859375,10589.9228515625,0.0,3.05185103416443,2023-07-24 18:59:29.753095300-04:00
50,2023-07-24T18:59:29.7530953-04:00,10608848,0.0,946.073791503906,274.666595458984,0.0,0.0,0.0,30.5185089111328,5996.88720703125,2197.33276367188,0.0,3.05185103416443,2023-07-24 18:59:29.753095300-04:00
343,2023-07-24T18:59:29.7530953-04:00,10795927,0.0,213.62956237793,201.422164916992,0.0,0.0,6.10370206832886,0.0,14007.99609375,8209.4794921875,0.0,3.05185103416443,2023-07-24 18:59:29.753095300-04:00
330,2023-07-24T18:59:29.7530953-04:00,10795927,0.0,213.62956237793,201.422164916992,0.0,0.0,6.10370206832886,0.0,14007.99609375,8209.4794921875,0.0,3.05185103416443,2023-07-24 18:59:29.753095300-04:00
490,2023-07-24T18:59:29.7530953-04:00,10883313,0.0,946.073791503906,503.555419921875,0.0,0.0,6.10370206832886,0.0,16983.55078125,5890.072265625,0.0,3.05185103416443,2023-07-24 18:59:29.753095300-04:00
250,2023-07-24T18:59:29.7530953-04:00,10793168,0.0,1220.74035644531,723.288696289063,0.0,0.0,6.10370206832886,0.0,27008.880859375,10589.9228515625,0.0,3.05185103416443,2023-07-24 18:59:29.753095300-04:00
70,2023-07-24T18:59:29.7530953-04:00,10608848,0.0,946.073791503906,274.666595458984,0.0,0.0,0.0,30.5185089111328,5996.88720703125,2197.33276367188,0.0,3.05185103416443,2023-07-24 18:59:29.753095300-04:00
310,2023-07-24T18:59:29.7530953-04:00,10793169,0.0,1007.11083984375,531.022094726563,0.0,0.0,0.0,0.0,17990.662109375,6012.146484375,0.0,3.05185103416443,2023-07-24 18:59:29.753095300-04:00
410,2023-07-24T18:59:29.7530953-04:00,10808161,0.0,915.555297851563,476.088745117188,0.0,0.0,6.10370206832886,0.0,16983.55078125,6805.62744140625,0.0,3.05185103416443,2023-07-24 18:59:29.753095300-04:00
510,2023-07-24T18:59:29.7530953-04:00,10883313,0.0,946.073791503906,503.555419921875,0.0,0.0,6.10370206832886,0.0,16983.55078125,5890.072265625,0.0,3.05185103416443,2023-07-24 18:59:29.753095300-04:00
90,2023-07-24T18:59:29.7530953-04:00,10608851,0.0,1434.36999511719,402.844329833984,0.0,0.0,0.0,0.0,8011.10888671875,1709.03649902344,0.0,3.05185103416443,2023-07-24 18:59:29.753095300-04:00
110,2023-07-24T18:59:29.7530953-04:00,10608851,0.0,1434.36999511719,402.844329833984,0.0,0.0,0.0,0.0,8011.10888671875,1709.03649902344,0.0,3.05185103416443,2023-07-24 18:59:29.753095300-04:00
290,2023-07-24T18:59:29.7530953-04:00,10793169,0.0,1007.11083984375,531.022094726563,0.0,0.0,0.0,0.0,17990.662109375,6012.146484375,0.0,3.05185103416443,2023-07-24 18:59:29.753095300-04:00
370,2023-07-24T18:59:29.7530953-04:00,10808160,0.0,1007.11083984375,476.088745117188,0.0,0.0,6.10370206832886,0.0,16022.2177734375,7202.3681640625,0.0,3.05185103416443,2023-07-24 18:59:29.753095300-04:00
230,2023-07-24T18:59:29.7530953-04:00,10793167,0.0,885.036804199219,402.844329833984,0.0,0.0,0.0,0.0,11993.7744140625,5798.5166015625,0.0,3.05185103416443,2023-07-24 18:59:29.753095300-04:00
450,2023-07-24T18:59:29.7530953-04:00,10808163,0.0,885.036804199219,448.622100830078,0.0,0.0,0.0,0.0,15015.1064453125,6988.73876953125,0.0,3.05185103416443,2023-07-24 18:59:29.753095300-04:00
210,2023-07-24T18:59:29.7530953-04:00,10793167,0.0,885.036804199219,402.844329833984,0.0,0.0,0.0,0.0,11993.7744140625,5798.5166015625,0.0,3.05185103416443,2023-07-24 18:59:29.753095300-04:00
470,2023-07-24T18:59:29.7530953-04:00,10808163,0.0,885.036804199219,448.622100830078,0.0,0.0,0.0,0.0,15015.1064453125,6988.73876953125,0.0,3.05185103416443,2023-07-24 18:59:29.753095300-04:00
390,2023-07-24T18:59:29.7530953-04:00,10808160,0.0,1007.11083984375,476.088745117188,0.0,0.0,6.10370206832886,0.0,16022.2177734375,7202.3681640625,0.0,3.05185103416443,2023-07-24 18:59:29.753095300-04:00
311,2023-07-25T02:59:29.7530953-04:00,10793169,0.0,1007.11083984375,521.866516113281,0.0,0.0,0.0,0.0,16983.55078125,5890.072265625,0.0,3.05185103416443,2023-07-25 02:59:29.753095300-04:00
131,2023-07-25T02:59:29.7530953-04:00,10621445,0.0,0.0,0.0,0.0,0.0,0.0,0.0,3021.33251953125,1190.22192382813,0.0,3.05185103416443,2023-07-25 02:59:29.753095300-04:00
491,2023-07-25T02:59:29.7530953-04:00,10883313,0.0,915.555297851563,494.399841308594,0.0,0.0,6.10370206832886,0.0,16022.2177734375,5493.33154296875,0.0,3.05185103416443,2023-07-25 02:59:29.753095300-04:00
271,2023-07-25T02:59:29.7530953-04:00,10793168,0.0,1220.74035644531,750.755310058594,0.0,0.0,6.10370206832886,0.0,26001.76953125,10406.8115234375,0.0,3.05185103416443,2023-07-25 02:59:29.753095300-04:00
291,2023-07-25T02:59:29.7530953-04:00,10793169,0.0,1007.11083984375,521.866516113281,0.0,0.0,0.0,0.0,16983.55078125,5890.072265625,0.0,3.05185103416443,2023-07-25 02:59:29.753095300-04:00
91,2023-07-25T02:59:29.7530953-04:00,10608851,0.0,1373.33288574219,402.844329833984,0.0,0.0,0.0,0.0,8011.10888671875,1800.59204101563,0.0,3.05185103416443,2023-07-25 02:59:29.753095300-04:00
331,2023-07-25T02:59:29.7530953-04:00,10795927,0.0,213.62956237793,201.422164916992,0.0,0.0,6.10370206832886,0.0,13000.884765625,7904.2939453125,0.0,3.05185103416443,2023-07-25 02:59:29.753095300-04:00
431,2023-07-25T02:59:29.7530953-04:00,10808161,0.0,885.036804199219,466.933197021484,0.0,0.0,6.10370206832886,0.0,16022.2177734375,6500.4423828125,0.0,3.05185103416443,2023-07-25 02:59:29.753095300-04:00
111,2023-07-25T02:59:29.7530953-04:00,10608851,0.0,1373.33288574219,402.844329833984,0.0,0.0,0.0,0.0,8011.10888671875,1800.59204101563,0.0,3.05185103416443,2023-07-25 02:59:29.753095300-04:00
191,2023-07-25T02:59:29.7530953-04:00,10621447,0.0,518.814636230469,64.0888671875,0.0,0.0,0.0,0.0,11993.7744140625,4211.55419921875,0.0,3.05185103416443,2023-07-25 02:59:29.753095300-04:00
411,2023-07-25T02:59:29.7530953-04:00,10808161,0.0,885.036804199219,466.933197021484,0.0,0.0,6.10370206832886,0.0,16022.2177734375,6500.4423828125,0.0,3.05185103416443,2023-07-25 02:59:29.753095300-04:00
391,2023-07-25T02:59:29.7530953-04:00,10808160,0.0,946.073791503906,457.777648925781,0.0,0.0,6.10370206832886,0.0,15015.1064453125,6286.81298828125,0.0,3.05185103416443,2023-07-25 02:59:29.753095300-04:00
451,2023-07-25T02:59:29.7530953-04:00,10808163,0.0,854.518249511719,430.310974121094,0.0,0.0,0.0,0.0,14007.99609375,6408.88720703125,0.0,3.05185103416443,2023-07-25 02:59:29.753095300-04:00
211,2023-07-25T02:59:29.7530953-04:00,10793167,0.0,885.036804199219,393.688781738281,0.0,0.0,0.0,0.0,11993.7744140625,5188.146484375,0.0,3.05185103416443,2023-07-25 02:59:29.753095300-04:00
151,2023-07-25T02:59:29.7530953-04:00,10621445,0.0,0.0,0.0,0.0,0.0,0.0,0.0,3021.33251953125,1190.22192382813,0.0,3.05185103416443,2023-07-25 02:59:29.753095300-04:00
511,2023-07-25T02:59:29.7530953-04:00,10883313,0.0,915.555297851563,494.399841308594,0.0,0.0,6.10370206832886,0.0,16022.2177734375,5493.33154296875,0.0,3.05185103416443,2023-07-25 02:59:29.753095300-04:00
371,2023-07-25T02:59:29.7530953-04:00,10808160,0.0,946.073791503906,457.777648925781,0.0,0.0,6.10370206832886,0.0,15015.1064453125,6286.81298828125,0.0,3.05185103416443,2023-07-25 02:59:29.753095300-04:00
11,2023-07-25T02:59:29.7530953-04:00,10047622,0.0,762.962707519531,183.111053466797,0.0,0.0,12.2074041366577,0.0,41016.875,11413.9228515625,0.0,3.05185103416443,2023-07-25 02:59:29.753095300-04:00
31,2023-07-25T02:59:29.7530953-04:00,10047622,0.0,762.962707519531,183.111053466797,0.0,0.0,12.2074041366577,0.0,41016.875,11413.9228515625,0.0,3.05185103416443,2023-07-25 02:59:29.753095300-04:00
171,2023-07-25T02:59:29.7530953-04:00,10621447,0.0,518.814636230469,64.0888671875,0.0,0.0,0.0,0.0,11993.7744140625,4211.55419921875,0.0,3.05185103416443,2023-07-25 02:59:29.753095300-04:00
51,2023-07-25T02:59:29.7530953-04:00,10608848,0.0,915.555297851563,265.511047363281,0.0,0.0,0.0,30.5185089111328,5996.88720703125,2288.88818359375,0.0,3.05185103416443,2023-07-25 02:59:29.753095300-04:00
71,2023-07-25T02:59:29.7530953-04:00,10608848,0.0,915.555297851563,265.511047363281,0.0,0.0,0.0,30.5185089111328,5996.88720703125,2288.88818359375,0.0,3.05185103416443,2023-07-25 02:59:29.753095300-04:00
471,2023-07-25T02:59:29.7530953-04:00,10808163,0.0,854.518249511719,430.310974121094,0.0,0.0,0.0,0.0,14007.99609375,6408.88720703125,0.0,3.05185103416443,2023-07-25 02:59:29.753095300-04:00
251,2023-07-25T02:59:29.7530953-04:00,10793168,0.0,1220.74035644531,750.755310058594,0.0,0.0,6.10370206832886,0.0,26001.76953125,10406.8115234375,0.0,3.05185103416443,2023-07-25 02:59:29.753095300-04:00
231,2023-07-25T02:59:29.7530953-04:00,10793167,0.0,885.036804199219,393.688781738281,0.0,0.0,0.0,0.0,11993.7744140625,5188.146484375,0.0,3.05185103416443,2023-07-25 02:59:29.753095300-04:00
344,2023-07-25T02:59:29.7530953-04:00,10795927,0.0,213.62956237793,201.422164916992,0.0,0.0,6.10370206832886,0.0,13000.884765625,7904.2939453125,0.0,3.05185103416443,2023-07-25 02:59:29.753095300-04:00
432,2023-07-25T10:59:29.7530953-04:00,10808161,0.0,885.036804199219,457.777648925781,0.0,0.0,6.10370206832886,0.0,16022.2177734375,6408.88720703125,0.0,3.05185103416443,2023-07-25 10:59:29.753095300-04:00
92,2023-07-25T10:59:29.7530953-04:00,10608851,0.0,1312.2958984375,393.688781738281,0.0,0.0,0.0,0.0,9018.2197265625,1800.59204101563,0.0,3.05185103416443,2023-07-25 10:59:29.753095300-04:00
332,2023-07-25T10:59:29.7530953-04:00,10795927,0.0,213.62956237793,201.422164916992,0.0,0.0,6.10370206832886,0.0,13000.884765625,7812.73828125,0.0,3.05185103416443,2023-07-25 10:59:29.753095300-04:00
412,2023-07-25T10:59:29.7530953-04:00,10808161,0.0,885.036804199219,457.777648925781,0.0,0.0,6.10370206832886,0.0,16022.2177734375,6408.88720703125,0.0,3.05185103416443,2023-07-25 10:59:29.753095300-04:00
372,2023-07-25T10:59:29.7530953-04:00,10808160,0.0,946.073791503906,466.933197021484,0.0,0.0,6.10370206832886,0.0,16022.2177734375,6408.88720703125,0.0,3.05185103416443,2023-07-25 10:59:29.753095300-04:00
345,2023-07-25T10:59:29.7530953-04:00,10795927,0.0,213.62956237793,201.422164916992,0.0,0.0,6.10370206832886,0.0,13000.884765625,7812.73828125,0.0,3.05185103416443,2023-07-25 10:59:29.753095300-04:00
452,2023-07-25T10:59:29.7530953-04:00,10808163,0.0,823.999755859375,430.310974121094,0.0,0.0,0.0,0.0,15015.1064453125,6408.88720703125,0.0,3.05185103416443,2023-07-25 10:59:29.753095300-04:00
12,2023-07-25T10:59:29.7530953-04:00,10047622,0.0,793.481262207031,192.266616821289,0.0,0.0,12.2074041366577,0.0,42985.3203125,12207.4033203125,0.0,3.05185103416443,2023-07-25 10:59:29.753095300-04:00
472,2023-07-25T10:59:29.7530953-04:00,10808163,0.0,823.999755859375,430.310974121094,0.0,0.0,0.0,0.0,15015.1064453125,6408.88720703125,0.0,3.05185103416443,2023-07-25 10:59:29.753095300-04:00
32,2023-07-25T10:59:29.7530953-04:00,10047622,0.0,793.481262207031,192.266616821289,0.0,0.0,12.2074041366577,0.0,42985.3203125,12207.4033203125,0.0,3.05185103416443,2023-07-25 10:59:29.753095300-04:00
312,2023-07-25T10:59:29.7530953-04:00,10793169,0.0,976.59228515625,521.866516113281,0.0,0.0,0.0,0.0,16983.55078125,5798.5166015625,0.0,3.05185103416443,2023-07-25 10:59:29.753095300-04:00
392,2023-07-25T10:59:29.7530953-04:00,10808160,0.0,946.073791503906,466.933197021484,0.0,0.0,6.10370206832886,0.0,16022.2177734375,6408.88720703125,0.0,3.05185103416443,2023-07-25 10:59:29.753095300-04:00
492,2023-07-25T10:59:29.7530953-04:00,10883313,0.0,885.036804199219,485.244293212891,0.0,0.0,6.10370206832886,0.0,16022.2177734375,5493.33154296875,0.0,3.05185103416443,2023-07-25 10:59:29.753095300-04:00
272,2023-07-25T10:59:29.7530953-04:00,10793168,0.0,1190.22192382813,741.599792480469,0.0,0.0,6.10370206832886,0.0,26001.76953125,10101.626953125,0.0,3.05185103416443,2023-07-25 10:59:29.753095300-04:00
212,2023-07-25T10:59:29.7530953-04:00,10793167,0.0,854.518249511719,384.533233642578,0.0,0.0,0.0,0.0,11993.7744140625,5188.146484375,0.0,3.05185103416443,2023-07-25 10:59:29.753095300-04:00
192,2023-07-25T10:59:29.7530953-04:00,10621447,0.0,518.814636230469,64.0888671875,0.0,0.0,0.0,0.0,11993.7744140625,4089.48022460938,0.0,3.05185103416443,2023-07-25 10:59:29.753095300-04:00
132,2023-07-25T10:59:29.7530953-04:00,10621445,0.0,427.259124755859,36.6222114562988,0.0,0.0,0.0,0.0,3021.33251953125,1312.2958984375,0.0,3.05185103416443,2023-07-25 10:59:29.753095300-04:00
232,2023-07-25T10:59:29.7530953-04:00,10793167,0.0,854.518249511719,384.533233642578,0.0,0.0,0.0,0.0,11993.7744140625,5188.146484375,0.0,3.05185103416443,2023-07-25 10:59:29.753095300-04:00
152,2023-07-25T10:59:29.7530953-04:00,10621445,0.0,427.259124755859,36.6222114562988,0.0,0.0,0.0,0.0,3021.33251953125,1312.2958984375,0.0,3.05185103416443,2023-07-25 10:59:29.753095300-04:00
252,2023-07-25T10:59:29.7530953-04:00,10793168,0.0,1190.22192382813,741.599792480469,0.0,0.0,6.10370206832886,0.0,26001.76953125,10101.626953125,0.0,3.05185103416443,2023-07-25 10:59:29.753095300-04:00
52,2023-07-25T10:59:29.7530953-04:00,10608848,0.0,885.036804199219,265.511047363281,0.0,0.0,0.0,30.5185089111328,5996.88720703125,2288.88818359375,0.0,3.05185103416443,2023-07-25 10:59:29.753095300-04:00
112,2023-07-25T10:59:29.7530953-04:00,10608851,0.0,1312.2958984375,393.688781738281,0.0,0.0,0.0,0.0,9018.2197265625,1800.59204101563,0.0,3.05185103416443,2023-07-25 10:59:29.753095300-04:00
72,2023-07-25T10:59:29.7530953-04:00,10608848,0.0,885.036804199219,265.511047363281,0.0,0.0,0.0,30.5185089111328,5996.88720703125,2288.88818359375,0.0,3.05185103416443,2023-07-25 10:59:29.753095300-04:00
172,2023-07-25T10:59:29.7530953-04:00,10621447,0.0,518.814636230469,64.0888671875,0.0,0.0,0.0,0.0,11993.7744140625,4089.48022460938,0.0,3.05185103416443,2023-07-25 10:59:29.753095300-04:00
512,2023-07-25T10:59:29.7530953-04:00,10883313,0.0,885.036804199219,485.244293212891,0.0,0.0,6.10370206832886,0.0,16022.2177734375,5493.33154296875,0.0,3.05185103416443,2023-07-25 10:59:29.753095300-04:00
292,2023-07-25T10:59:29.7530953-04:00,10793169,0.0,976.59228515625,521.866516113281,0.0,0.0,0.0,0.0,16983.55078125,5798.5166015625,0.0,3.05185103416443,2023-07-25 10:59:29.753095300-04:00
346,2023-07-25T18:59:29.7530953-04:00,10795927,0.0,213.62956237793,201.422164916992,0.0,0.0,6.10370206832886,0.0,13000.884765625,7995.849609375,0.0,3.05185103416443,2023-07-25 18:59:29.753095300-04:00
253,2023-07-25T18:59:29.7530953-04:00,10793168,0.0,1220.74035644531,741.599792480469,0.0,0.0,6.10370206832886,0.0,26001.76953125,10101.626953125,0.0,3.05185103416443,2023-07-25 18:59:29.753095300-04:00
213,2023-07-25T18:59:29.7530953-04:00,10793167,0.0,885.036804199219,402.844329833984,0.0,0.0,0.0,0.0,11993.7744140625,5310.220703125,0.0,3.05185103416443,2023-07-25 18:59:29.753095300-04:00
393,2023-07-25T18:59:29.7530953-04:00,10808160,0.0,946.073791503906,457.777648925781,0.0,0.0,6.10370206832886,0.0,16022.2177734375,6286.81298828125,0.0,3.05185103416443,2023-07-25 18:59:29.753095300-04:00
33,2023-07-25T18:59:29.7530953-04:00,10047622,0.0,793.481262207031,192.266616821289,0.0,0.0,12.2074041366577,0.0,42985.3203125,12390.5146484375,0.0,3.05185103416443,2023-07-25 18:59:29.753095300-04:00
113,2023-07-25T18:59:29.7530953-04:00,10608851,0.0,1403.85144042969,411.999877929688,0.0,0.0,0.0,0.0,8011.10888671875,1800.59204101563,0.0,3.05185103416443,2023-07-25 18:59:29.753095300-04:00
413,2023-07-25T18:59:29.7530953-04:00,10808161,0.0,946.073791503906,476.088745117188,0.0,0.0,6.10370206832886,0.0,16022.2177734375,6591.998046875,0.0,3.05185103416443,2023-07-25 18:59:29.753095300-04:00
473,2023-07-25T18:59:29.7530953-04:00,10808163,0.0,915.555297851563,448.622100830078,0.0,0.0,0.0,0.0,14007.99609375,6286.81298828125,0.0,3.05185103416443,2023-07-25 18:59:29.753095300-04:00
73,2023-07-25T18:59:29.7530953-04:00,10608848,0.0,915.555297851563,265.511047363281,0.0,0.0,0.0,30.5185089111328,5996.88720703125,2288.88818359375,0.0,3.05185103416443,2023-07-25 18:59:29.753095300-04:00
333,2023-07-25T18:59:29.7530953-04:00,10795927,0.0,213.62956237793,201.422164916992,0.0,0.0,6.10370206832886,0.0,13000.884765625,7995.849609375,0.0,3.05185103416443,2023-07-25 18:59:29.753095300-04:00
493,2023-07-25T18:59:29.7530953-04:00,10883313,0.0,946.073791503906,494.399841308594,0.0,0.0,6.10370206832886,0.0,16983.55078125,5584.88720703125,0.0,3.05185103416443,2023-07-25 18:59:29.753095300-04:00
153,2023-07-25T18:59:29.7530953-04:00,10621445,0.0,427.259124755859,36.6222114562988,0.0,0.0,0.0,0.0,3021.33251953125,1312.2958984375,0.0,3.05185103416443,2023-07-25 18:59:29.753095300-04:00
273,2023-07-25T18:59:29.7530953-04:00,10793168,0.0,1220.74035644531,741.599792480469,0.0,0.0,6.10370206832886,0.0,26001.76953125,10101.626953125,0.0,3.05185103416443,2023-07-25 18:59:29.753095300-04:00
193,2023-07-25T18:59:29.7530953-04:00,10621447,0.0,549.333190917969,73.2444229125977,0.0,0.0,0.0,0.0,13000.884765625,4089.48022460938,0.0,3.05185103416443,2023-07-25 18:59:29.753095300-04:00
173,2023-07-25T18:59:29.7530953-04:00,10621447,0.0,549.333190917969,73.2444229125977,0.0,0.0,0.0,0.0,13000.884765625,4089.48022460938,0.0,3.05185103416443,2023-07-25 18:59:29.753095300-04:00
233,2023-07-25T18:59:29.7530953-04:00,10793167,0.0,885.036804199219,402.844329833984,0.0,0.0,0.0,0.0,11993.7744140625,5310.220703125,0.0,3.05185103416443,2023-07-25 18:59:29.753095300-04:00
133,2023-07-25T18:59:29.7530953-04:00,10621445,0.0,427.259124755859,36.6222114562988,0.0,0.0,0.0,0.0,3021.33251953125,1312.2958984375,0.0,3.05185103416443,2023-07-25 18:59:29.753095300-04:00
433,2023-07-25T18:59:29.7530953-04:00,10808161,0.0,946.073791503906,476.088745117188,0.0,0.0,6.10370206832886,0.0,16022.2177734375,6591.998046875,0.0,3.05185103416443,2023-07-25 18:59:29.753095300-04:00
513,2023-07-25T18:59:29.7530953-04:00,10883313,0.0,946.073791503906,494.399841308594,0.0,0.0,6.10370206832886,0.0,16983.55078125,5584.88720703125,0.0,3.05185103416443,2023-07-25 18:59:29.753095300-04:00
453,2023-07-25T18:59:29.7530953-04:00,10808163,0.0,915.555297851563,448.622100830078,0.0,0.0,0.0,0.0,14007.99609375,6286.81298828125,0.0,3.05185103416443,2023-07-25 18:59:29.753095300-04:00
373,2023-07-25T18:59:29.7530953-04:00,10808160,0.0,946.073791503906,457.777648925781,0.0,0.0,6.10370206832886,0.0,16022.2177734375,6286.81298828125,0.0,3.05185103416443,2023-07-25 18:59:29.753095300-04:00
53,2023-07-25T18:59:29.7530953-04:00,10608848,0.0,915.555297851563,265.511047363281,0.0,0.0,0.0,30.5185089111328,5996.88720703125,2288.88818359375,0.0,3.05185103416443,2023-07-25 18:59:29.753095300-04:00
93,2023-07-25T18:59:29.7530953-04:00,10608851,0.0,1403.85144042969,411.999877929688,0.0,0.0,0.0,0.0,8011.10888671875,1800.59204101563,0.0,3.05185103416443,2023-07-25 18:59:29.753095300-04:00
13,2023-07-25T18:59:29.7530953-04:00,10047622,0.0,793.481262207031,192.266616821289,0.0,0.0,12.2074041366577,0.0,42985.3203125,12390.5146484375,0.0,3.05185103416443,2023-07-25 18:59:29.753095300-04:00
313,2023-07-25T18:59:29.7530953-04:00,10793169,0.0,1037.62927246094,531.022094726563,0.0,0.0,0.0,0.0,16983.55078125,6012.146484375,0.0,3.05185103416443,2023-07-25 18:59:29.753095300-04:00
293,2023-07-25T18:59:29.7530953-04:00,10793169,0.0,1037.62927246094,531.022094726563,0.0,0.0,0.0,0.0,16983.55078125,6012.146484375,0.0,3.05185103416443,2023-07-25 18:59:29.753095300-04:00
114,2023-07-26T02:59:29.7530953-04:00,10608851,0.0,1312.2958984375,411.999877929688,0.0,0.0,0.0,0.0,8011.10888671875,1892.14758300781,0.0,3.05185103416443,2023-07-26 02:59:29.753095300-04:00
374,2023-07-26T02:59:29.7530953-04:00,10808160,0.0,976.59228515625,466.933197021484,0.0,0.0,6.10370206832886,0.0,16022.2177734375,6012.146484375,0.0,3.05185103416443,2023-07-26 02:59:29.753095300-04:00
494,2023-07-26T02:59:29.7530953-04:00,10883313,0.0,946.073791503906,503.555419921875,0.0,0.0,6.10370206832886,0.0,16983.55078125,5706.96142578125,0.0,3.05185103416443,2023-07-26 02:59:29.753095300-04:00
54,2023-07-26T02:59:29.7530953-04:00,10608848,0.0,915.555297851563,274.666595458984,0.0,0.0,0.0,30.5185089111328,5996.88720703125,2105.77709960938,0.0,3.05185103416443,2023-07-26 02:59:29.753095300-04:00
234,2023-07-26T02:59:29.7530953-04:00,10793167,0.0,885.036804199219,393.688781738281,0.0,0.0,0.0,0.0,11993.7744140625,5706.96142578125,0.0,3.05185103416443,2023-07-26 02:59:29.753095300-04:00
214,2023-07-26T02:59:29.7530953-04:00,10793167,0.0,885.036804199219,393.688781738281,0.0,0.0,0.0,0.0,11993.7744140625,5706.96142578125,0.0,3.05185103416443,2023-07-26 02:59:29.753095300-04:00
34,2023-07-26T02:59:29.7530953-04:00,10047622,0.0,823.999755859375,201.422164916992,0.0,0.0,12.2074041366577,0.0,41978.2109375,12085.330078125,0.0,3.05185103416443,2023-07-26 02:59:29.753095300-04:00
414,2023-07-26T02:59:29.7530953-04:00,10808161,0.0,915.555297851563,466.933197021484,0.0,0.0,6.10370206832886,0.0,16983.55078125,6714.072265625,0.0,3.05185103416443,2023-07-26 02:59:29.753095300-04:00
194,2023-07-26T02:59:29.7530953-04:00,10621447,0.0,549.333190917969,73.2444229125977,0.0,0.0,0.0,0.0,13000.884765625,4303.10986328125,0.0,3.05185103416443,2023-07-26 02:59:29.753095300-04:00
347,2023-07-26T02:59:29.7530953-04:00,10795927,0.0,213.62956237793,192.266616821289,0.0,0.0,6.10370206832886,0.0,13000.884765625,7812.73828125,0.0,3.05185103416443,2023-07-26 02:59:29.753095300-04:00
154,2023-07-26T02:59:29.7530953-04:00,10621445,0.0,457.777648925781,45.7777633666992,0.0,0.0,0.0,0.0,3021.33251953125,1403.85144042969,0.0,3.05185103416443,2023-07-26 02:59:29.753095300-04:00
294,2023-07-26T02:59:29.7530953-04:00,10793169,0.0,1007.11083984375,531.022094726563,0.0,0.0,0.0,0.0,16983.55078125,6103.70166015625,0.0,3.05185103416443,2023-07-26 02:59:29.753095300-04:00
314,2023-07-26T02:59:29.7530953-04:00,10793169,0.0,1007.11083984375,531.022094726563,0.0,0.0,0.0,0.0,16983.55078125,6103.70166015625,0.0,3.05185103416443,2023-07-26 02:59:29.753095300-04:00
94,2023-07-26T02:59:29.7530953-04:00,10608851,0.0,1312.2958984375,411.999877929688,0.0,0.0,0.0,0.0,8011.10888671875,1892.14758300781,0.0,3.05185103416443,2023-07-26 02:59:29.753095300-04:00
434,2023-07-26T02:59:29.7530953-04:00,10808161,0.0,915.555297851563,466.933197021484,0.0,0.0,6.10370206832886,0.0,16983.55078125,6714.072265625,0.0,3.05185103416443,2023-07-26 02:59:29.753095300-04:00
74,2023-07-26T02:59:29.7530953-04:00,10608848,0.0,915.555297851563,274.666595458984,0.0,0.0,0.0,30.5185089111328,5996.88720703125,2105.77709960938,0.0,3.05185103416443,2023-07-26 02:59:29.753095300-04:00
514,2023-07-26T02:59:29.7530953-04:00,10883313,0.0,946.073791503906,503.555419921875,0.0,0.0,6.10370206832886,0.0,16983.55078125,5706.96142578125,0.0,3.05185103416443,2023-07-26 02:59:29.753095300-04:00
454,2023-07-26T02:59:29.7530953-04:00,10808163,0.0,854.518249511719,439.466522216797,0.0,0.0,0.0,0.0,14007.99609375,7293.923828125,0.0,3.05185103416443,2023-07-26 02:59:29.753095300-04:00
134,2023-07-26T02:59:29.7530953-04:00,10621445,0.0,457.777648925781,45.7777633666992,0.0,0.0,0.0,0.0,3021.33251953125,1403.85144042969,0.0,3.05185103416443,2023-07-26 02:59:29.753095300-04:00
174,2023-07-26T02:59:29.7530953-04:00,10621447,0.0,549.333190917969,73.2444229125977,0.0,0.0,0.0,0.0,13000.884765625,4303.10986328125,0.0,3.05185103416443,2023-07-26 02:59:29.753095300-04:00
334,2023-07-26T02:59:29.7530953-04:00,10795927,0.0,213.62956237793,192.266616821289,0.0,0.0,6.10370206832886,0.0,13000.884765625,7812.73828125,0.0,3.05185103416443,2023-07-26 02:59:29.753095300-04:00
474,2023-07-26T02:59:29.7530953-04:00,10808163,0.0,854.518249511719,439.466522216797,0.0,0.0,0.0,0.0,14007.99609375,7293.923828125,0.0,3.05185103416443,2023-07-26 02:59:29.753095300-04:00
14,2023-07-26T02:59:29.7530953-04:00,10047622,0.0,823.999755859375,201.422164916992,0.0,0.0,12.2074041366577,0.0,41978.2109375,12085.330078125,0.0,3.05185103416443,2023-07-26 02:59:29.753095300-04:00
254,2023-07-26T02:59:29.7530953-04:00,10793168,0.0,1129.18481445313,677.510925292969,0.0,0.0,6.10370206832886,0.0,24994.66015625,9704.8857421875,0.0,3.05185103416443,2023-07-26 02:59:29.753095300-04:00
274,2023-07-26T02:59:29.7530953-04:00,10793168,0.0,1129.18481445313,677.510925292969,0.0,0.0,6.10370206832886,0.0,24994.66015625,9704.8857421875,0.0,3.05185103416443,2023-07-26 02:59:29.753095300-04:00
394,2023-07-26T02:59:29.7530953-04:00,10808160,0.0,976.59228515625,466.933197021484,0.0,0.0,6.10370206832886,0.0,16022.2177734375,6012.146484375,0.0,3.05185103416443,2023-07-26 02:59:29.753095300-04:00
215,2023-07-26T10:59:29.7530953-04:00,10793167,0.0,854.518249511719,393.688781738281,0.0,0.0,0.0,0.0,11993.7744140625,5584.88720703125,0.0,3.05185103416443,2023-07-26 10:59:29.753095300-04:00
415,2023-07-26T10:59:29.7530953-04:00,10808161,0.0,885.036804199219,466.933197021484,0.0,0.0,6.10370206832886,0.0,16983.55078125,6591.998046875,0.0,3.05185103416443,2023-07-26 10:59:29.753095300-04:00
95,2023-07-26T10:59:29.7530953-04:00,10608851,0.0,1312.2958984375,411.999877929688,0.0,0.0,0.0,0.0,8011.10888671875,1800.59204101563,0.0,3.05185103416443,2023-07-26 10:59:29.753095300-04:00
455,2023-07-26T10:59:29.7530953-04:00,10808163,0.0,854.518249511719,439.466522216797,0.0,0.0,0.0,0.0,15015.1064453125,7385.4794921875,0.0,3.05185103416443,2023-07-26 10:59:29.753095300-04:00
395,2023-07-26T10:59:29.7530953-04:00,10808160,0.0,976.59228515625,476.088745117188,0.0,0.0,6.10370206832886,0.0,16022.2177734375,6195.25732421875,0.0,3.05185103416443,2023-07-26 10:59:29.753095300-04:00
495,2023-07-26T10:59:29.7530953-04:00,10883313,0.0,915.555297851563,494.399841308594,0.0,0.0,6.10370206832886,0.0,16983.55078125,5706.96142578125,0.0,3.05185103416443,2023-07-26 10:59:29.753095300-04:00
375,2023-07-26T10:59:29.7530953-04:00,10808160,0.0,976.59228515625,476.088745117188,0.0,0.0,6.10370206832886,0.0,16022.2177734375,6195.25732421875,0.0,3.05185103416443,2023-07-26 10:59:29.753095300-04:00
15,2023-07-26T10:59:29.7530953-04:00,10047622,0.0,823.999755859375,201.422164916992,0.0,0.0,12.2074041366577,0.0,43992.4296875,12390.5146484375,0.0,3.05185103416443,2023-07-26 10:59:29.753095300-04:00
435,2023-07-26T10:59:29.7530953-04:00,10808161,0.0,885.036804199219,466.933197021484,0.0,0.0,6.10370206832886,0.0,16983.55078125,6591.998046875,0.0,3.05185103416443,2023-07-26 10:59:29.753095300-04:00
295,2023-07-26T10:59:29.7530953-04:00,10793169,0.0,976.59228515625,521.866516113281,0.0,0.0,0.0,0.0,16983.55078125,6103.70166015625,0.0,3.05185103416443,2023-07-26 10:59:29.753095300-04:00
315,2023-07-26T10:59:29.7530953-04:00,10793169,0.0,976.59228515625,521.866516113281,0.0,0.0,0.0,0.0,16983.55078125,6103.70166015625,0.0,3.05185103416443,2023-07-26 10:59:29.753095300-04:00
75,2023-07-26T10:59:29.7530953-04:00,10608848,0.0,915.555297851563,265.511047363281,0.0,0.0,0.0,30.5185089111328,5996.88720703125,2197.33276367188,0.0,3.05185103416443,2023-07-26 10:59:29.753095300-04:00
115,2023-07-26T10:59:29.7530953-04:00,10608851,0.0,1312.2958984375,411.999877929688,0.0,0.0,0.0,0.0,8011.10888671875,1800.59204101563,0.0,3.05185103416443,2023-07-26 10:59:29.753095300-04:00
275,2023-07-26T10:59:29.7530953-04:00,10793168,0.0,1129.18481445313,668.355346679688,0.0,0.0,6.10370206832886,0.0,23987.548828125,9491.2568359375,0.0,3.05185103416443,2023-07-26 10:59:29.753095300-04:00
335,2023-07-26T10:59:29.7530953-04:00,10795927,0.0,213.62956237793,192.266616821289,0.0,0.0,6.10370206832886,0.0,13000.884765625,7599.10888671875,0.0,3.05185103416443,2023-07-26 10:59:29.753095300-04:00
175,2023-07-26T10:59:29.7530953-04:00,10621447,0.0,518.814636230469,64.0888671875,0.0,0.0,0.0,0.0,13000.884765625,4303.10986328125,0.0,3.05185103416443,2023-07-26 10:59:29.753095300-04:00
155,2023-07-26T10:59:29.7530953-04:00,10621445,0.0,457.777648925781,45.7777633666992,0.0,0.0,0.0,0.0,3021.33251953125,1495.40698242188,0.0,3.05185103416443,2023-07-26 10:59:29.753095300-04:00
35,2023-07-26T10:59:29.7530953-04:00,10047622,0.0,823.999755859375,201.422164916992,0.0,0.0,12.2074041366577,0.0,43992.4296875,12390.5146484375,0.0,3.05185103416443,2023-07-26 10:59:29.753095300-04:00
255,2023-07-26T10:59:29.7530953-04:00,10793168,0.0,1129.18481445313,668.355346679688,0.0,0.0,6.10370206832886,0.0,23987.548828125,9491.2568359375,0.0,3.05185103416443,2023-07-26 10:59:29.753095300-04:00
348,2023-07-26T10:59:29.7530953-04:00,10795927,0.0,213.62956237793,192.266616821289,0.0,0.0,6.10370206832886,0.0,13000.884765625,7599.10888671875,0.0,3.05185103416443,2023-07-26 10:59:29.753095300-04:00
135,2023-07-26T10:59:29.7530953-04:00,10621445,0.0,457.777648925781,45.7777633666992,0.0,0.0,0.0,0.0,3021.33251953125,1495.40698242188,0.0,3.05185103416443,2023-07-26 10:59:29.753095300-04:00
195,2023-07-26T10:59:29.7530953-04:00,10621447,0.0,518.814636230469,64.0888671875,0.0,0.0,0.0,0.0,13000.884765625,4303.10986328125,0.0,3.05185103416443,2023-07-26 10:59:29.753095300-04:00
515,2023-07-26T10:59:29.7530953-04:00,10883313,0.0,915.555297851563,494.399841308594,0.0,0.0,6.10370206832886,0.0,16983.55078125,5706.96142578125,0.0,3.05185103416443,2023-07-26 10:59:29.753095300-04:00
235,2023-07-26T10:59:29.7530953-04:00,10793167,0.0,854.518249511719,393.688781738281,0.0,0.0,0.0,0.0,11993.7744140625,5584.88720703125,0.0,3.05185103416443,2023-07-26 10:59:29.753095300-04:00
55,2023-07-26T10:59:29.7530953-04:00,10608848,0.0,915.555297851563,265.511047363281,0.0,0.0,0.0,30.5185089111328,5996.88720703125,2197.33276367188,0.0,3.05185103416443,2023-07-26 10:59:29.753095300-04:00
475,2023-07-26T10:59:29.7530953-04:00,10808163,0.0,854.518249511719,439.466522216797,0.0,0.0,0.0,0.0,15015.1064453125,7385.4794921875,0.0,3.05185103416443,2023-07-26 10:59:29.753095300-04:00
496,2023-07-26T18:59:29.7530953-04:00,10883313,0.0,1007.11083984375,521.866516113281,0.0,0.0,6.10370206832886,0.0,17990.662109375,6103.70166015625,0.0,3.05185103416443,2023-07-26 18:59:29.753095300-04:00
156,2023-07-26T18:59:29.7530953-04:00,10621445,0.0,488.296142578125,45.7777633666992,0.0,0.0,0.0,0.0,3021.33251953125,1495.40698242188,0.0,3.05185103416443,2023-07-26 18:59:29.753095300-04:00
436,2023-07-26T18:59:29.7530953-04:00,10808161,0.0,946.073791503906,494.399841308594,0.0,0.0,6.10370206832886,0.0,17990.662109375,7293.923828125,0.0,3.05185103416443,2023-07-26 18:59:29.753095300-04:00
416,2023-07-26T18:59:29.7530953-04:00,10808161,0.0,946.073791503906,494.399841308594,0.0,0.0,6.10370206832886,0.0,17990.662109375,7293.923828125,0.0,3.05185103416443,2023-07-26 18:59:29.753095300-04:00
176,2023-07-26T18:59:29.7530953-04:00,10621447,0.0,549.333190917969,73.2444229125977,0.0,0.0,0.0,0.0,13000.884765625,4486.220703125,0.0,3.05185103416443,2023-07-26 18:59:29.753095300-04:00
56,2023-07-26T18:59:29.7530953-04:00,10608848,0.0,976.59228515625,283.822143554688,0.0,0.0,0.0,30.5185089111328,7003.998046875,2288.88818359375,0.0,3.05185103416443,2023-07-26 18:59:29.753095300-04:00
456,2023-07-26T18:59:29.7530953-04:00,10808163,0.0,946.073791503906,466.933197021484,0.0,0.0,0.0,0.0,16022.2177734375,8392.58984375,0.0,3.05185103416443,2023-07-26 18:59:29.753095300-04:00
76,2023-07-26T18:59:29.7530953-04:00,10608848,0.0,976.59228515625,283.822143554688,0.0,0.0,0.0,30.5185089111328,7003.998046875,2288.88818359375,0.0,3.05185103416443,2023-07-26 18:59:29.753095300-04:00
296,2023-07-26T18:59:29.7530953-04:00,10793169,0.0,1037.62927246094,540.177612304688,0.0,0.0,0.0,0.0,17990.662109375,6286.81298828125,0.0,3.05185103416443,2023-07-26 18:59:29.753095300-04:00
316,2023-07-26T18:59:29.7530953-04:00,10793169,0.0,1037.62927246094,540.177612304688,0.0,0.0,0.0,0.0,17990.662109375,6286.81298828125,0.0,3.05185103416443,2023-07-26 18:59:29.753095300-04:00
116,2023-07-26T18:59:29.7530953-04:00,10608851,0.0,1403.85144042969,430.310974121094,0.0,0.0,0.0,0.0,9018.2197265625,2014.2216796875,0.0,3.05185103416443,2023-07-26 18:59:29.753095300-04:00
276,2023-07-26T18:59:29.7530953-04:00,10793168,0.0,1312.2958984375,750.755310058594,0.0,0.0,6.10370206832886,0.0,26001.76953125,10101.626953125,0.0,3.05185103416443,2023-07-26 18:59:29.753095300-04:00
336,2023-07-26T18:59:29.7530953-04:00,10795927,0.0,213.62956237793,201.422164916992,0.0,0.0,6.10370206832886,0.0,14007.99609375,8087.40478515625,0.0,3.05185103416443,2023-07-26 18:59:29.753095300-04:00
476,2023-07-26T18:59:29.7530953-04:00,10808163,0.0,946.073791503906,466.933197021484,0.0,0.0,0.0,0.0,16022.2177734375,8392.58984375,0.0,3.05185103416443,2023-07-26 18:59:29.753095300-04:00
256,2023-07-26T18:59:29.7530953-04:00,10793168,0.0,1312.2958984375,750.755310058594,0.0,0.0,6.10370206832886,0.0,26001.76953125,10101.626953125,0.0,3.05185103416443,2023-07-26 18:59:29.753095300-04:00
349,2023-07-26T18:59:29.7530953-04:00,10795927,0.0,213.62956237793,201.422164916992,0.0,0.0,6.10370206832886,0.0,14007.99609375,8087.40478515625,0.0,3.05185103416443,2023-07-26 18:59:29.753095300-04:00
196,2023-07-26T18:59:29.7530953-04:00,10621447,0.0,549.333190917969,73.2444229125977,0.0,0.0,0.0,0.0,13000.884765625,4486.220703125,0.0,3.05185103416443,2023-07-26 18:59:29.753095300-04:00
36,2023-07-26T18:59:29.7530953-04:00,10047622,0.0,854.518249511719,210.577713012695,0.0,0.0,12.2074041366577,0.0,44999.54296875,12390.5146484375,0.0,3.05185103416443,2023-07-26 18:59:29.753095300-04:00
516,2023-07-26T18:59:29.7530953-04:00,10883313,0.0,1007.11083984375,521.866516113281,0.0,0.0,6.10370206832886,0.0,17990.662109375,6103.70166015625,0.0,3.05185103416443,2023-07-26 18:59:29.753095300-04:00
236,2023-07-26T18:59:29.7530953-04:00,10793167,0.0,915.555297851563,411.999877929688,0.0,0.0,0.0,0.0,11993.7744140625,6012.146484375,0.0,3.05185103416443,2023-07-26 18:59:29.753095300-04:00
16,2023-07-26T18:59:29.7530953-04:00,10047622,0.0,854.518249511719,210.577713012695,0.0,0.0,12.2074041366577,0.0,44999.54296875,12390.5146484375,0.0,3.05185103416443,2023-07-26 18:59:29.753095300-04:00
376,2023-07-26T18:59:29.7530953-04:00,10808160,0.0,1037.62927246094,485.244293212891,0.0,0.0,6.10370206832886,0.0,16983.55078125,6286.81298828125,0.0,3.05185103416443,2023-07-26 18:59:29.753095300-04:00
96,2023-07-26T18:59:29.7530953-04:00,10608851,0.0,1403.85144042969,430.310974121094,0.0,0.0,0.0,0.0,9018.2197265625,2014.2216796875,0.0,3.05185103416443,2023-07-26 18:59:29.753095300-04:00
216,2023-07-26T18:59:29.7530953-04:00,10793167,0.0,915.555297851563,411.999877929688,0.0,0.0,0.0,0.0,11993.7744140625,6012.146484375,0.0,3.05185103416443,2023-07-26 18:59:29.753095300-04:00
396,2023-07-26T18:59:29.7530953-04:00,10808160,0.0,1037.62927246094,485.244293212891,0.0,0.0,6.10370206832886,0.0,16983.55078125,6286.81298828125,0.0,3.05185103416443,2023-07-26 18:59:29.753095300-04:00
136,2023-07-26T18:59:29.7530953-04:00,10621445,0.0,488.296142578125,45.7777633666992,0.0,0.0,0.0,0.0,3021.33251953125,1495.40698242188,0.0,3.05185103416443,2023-07-26 18:59:29.753095300-04:00
137,2023-07-27T02:59:29.7530953-04:00,10621445,0.0,457.777648925781,45.7777633666992,0.0,0.0,0.0,0.0,3021.33251953125,1403.85144042969,0.0,3.05185103416443,2023-07-27 02:59:29.753095300-04:00
157,2023-07-27T02:59:29.7530953-04:00,10621445,0.0,457.777648925781,45.7777633666992,0.0,0.0,0.0,0.0,3021.33251953125,1403.85144042969,0.0,3.05185103416443,2023-07-27 02:59:29.753095300-04:00
477,2023-07-27T02:59:29.7530953-04:00,10808163,0.0,854.518249511719,430.310974121094,0.0,0.0,0.0,0.0,14007.99609375,6286.81298828125,0.0,3.05185103416443,2023-07-27 02:59:29.753095300-04:00
457,2023-07-27T02:59:29.7530953-04:00,10808163,0.0,854.518249511719,430.310974121094,0.0,0.0,0.0,0.0,14007.99609375,6286.81298828125,0.0,3.05185103416443,2023-07-27 02:59:29.753095300-04:00
517,2023-07-27T02:59:29.7530953-04:00,10883313,0.0,915.555297851563,485.244293212891,0.0,0.0,6.10370206832886,0.0,16022.2177734375,5493.33154296875,0.0,3.05185103416443,2023-07-27 02:59:29.753095300-04:00
77,2023-07-27T02:59:29.7530953-04:00,10608848,0.0,915.555297851563,265.511047363281,0.0,0.0,0.0,30.5185089111328,5996.88720703125,2105.77709960938,0.0,3.05185103416443,2023-07-27 02:59:29.753095300-04:00
397,2023-07-27T02:59:29.7530953-04:00,10808160,0.0,946.073791503906,457.777648925781,0.0,0.0,6.10370206832886,0.0,15015.1064453125,6500.4423828125,0.0,3.05185103416443,2023-07-27 02:59:29.753095300-04:00
437,2023-07-27T02:59:29.7530953-04:00,10808161,0.0,885.036804199219,466.933197021484,0.0,0.0,6.10370206832886,0.0,16022.2177734375,6408.88720703125,0.0,3.05185103416443,2023-07-27 02:59:29.753095300-04:00
297,2023-07-27T02:59:29.7530953-04:00,10793169,0.0,1007.11083984375,521.866516113281,0.0,0.0,0.0,0.0,16983.55078125,5798.5166015625,0.0,3.05185103416443,2023-07-27 02:59:29.753095300-04:00
317,2023-07-27T02:59:29.7530953-04:00,10793169,0.0,1007.11083984375,521.866516113281,0.0,0.0,0.0,0.0,16983.55078125,5798.5166015625,0.0,3.05185103416443,2023-07-27 02:59:29.753095300-04:00
37,2023-07-27T02:59:29.7530953-04:00,10047622,0.0,823.999755859375,192.266616821289,0.0,0.0,12.2074041366577,0.0,41978.2109375,11413.9228515625,0.0,3.05185103416443,2023-07-27 02:59:29.753095300-04:00
277,2023-07-27T02:59:29.7530953-04:00,10793168,0.0,1281.77734375,741.599792480469,0.0,0.0,6.10370206832886,0.0,24994.66015625,9704.8857421875,0.0,3.05185103416443,2023-07-27 02:59:29.753095300-04:00
337,2023-07-27T02:59:29.7530953-04:00,10795927,0.0,213.62956237793,201.422164916992,0.0,0.0,6.10370206832886,0.0,14007.99609375,7904.2939453125,0.0,3.05185103416443,2023-07-27 02:59:29.753095300-04:00
257,2023-07-27T02:59:29.7530953-04:00,10793168,0.0,1281.77734375,741.599792480469,0.0,0.0,6.10370206832886,0.0,24994.66015625,9704.8857421875,0.0,3.05185103416443,2023-07-27 02:59:29.753095300-04:00
350,2023-07-27T02:59:29.7530953-04:00,10795927,0.0,213.62956237793,201.422164916992,0.0,0.0,6.10370206832886,0.0,14007.99609375,7904.2939453125,0.0,3.05185103416443,2023-07-27 02:59:29.753095300-04:00
237,2023-07-27T02:59:29.7530953-04:00,10793167,0.0,885.036804199219,393.688781738281,0.0,0.0,0.0,0.0,11993.7744140625,5401.7763671875,0.0,3.05185103416443,2023-07-27 02:59:29.753095300-04:00
377,2023-07-27T02:59:29.7530953-04:00,10808160,0.0,946.073791503906,457.777648925781,0.0,0.0,6.10370206832886,0.0,15015.1064453125,6500.4423828125,0.0,3.05185103416443,2023-07-27 02:59:29.753095300-04:00
57,2023-07-27T02:59:29.7530953-04:00,10608848,0.0,915.555297851563,265.511047363281,0.0,0.0,0.0,30.5185089111328,5996.88720703125,2105.77709960938,0.0,3.05185103416443,2023-07-27 02:59:29.753095300-04:00
217,2023-07-27T02:59:29.7530953-04:00,10793167,0.0,885.036804199219,393.688781738281,0.0,0.0,0.0,0.0,11993.7744140625,5401.7763671875,0.0,3.05185103416443,2023-07-27 02:59:29.753095300-04:00
97,2023-07-27T02:59:29.7530953-04:00,10608851,0.0,1464.88842773438,402.844329833984,0.0,0.0,0.0,0.0,7003.998046875,1709.03649902344,0.0,3.05185103416443,2023-07-27 02:59:29.753095300-04:00
497,2023-07-27T02:59:29.7530953-04:00,10883313,0.0,915.555297851563,485.244293212891,0.0,0.0,6.10370206832886,0.0,16022.2177734375,5493.33154296875,0.0,3.05185103416443,2023-07-27 02:59:29.753095300-04:00
177,2023-07-27T02:59:29.7530953-04:00,10621447,0.0,518.814636230469,64.0888671875,0.0,0.0,0.0,0.0,11993.7744140625,4211.55419921875,0.0,3.05185103416443,2023-07-27 02:59:29.753095300-04:00
17,2023-07-27T02:59:29.7530953-04:00,10047622,0.0,823.999755859375,192.266616821289,0.0,0.0,12.2074041366577,0.0,41978.2109375,11413.9228515625,0.0,3.05185103416443,2023-07-27 02:59:29.753095300-04:00
417,2023-07-27T02:59:29.7530953-04:00,10808161,0.0,885.036804199219,466.933197021484,0.0,0.0,6.10370206832886,0.0,16022.2177734375,6408.88720703125,0.0,3.05185103416443,2023-07-27 02:59:29.753095300-04:00
197,2023-07-27T02:59:29.7530953-04:00,10621447,0.0,518.814636230469,64.0888671875,0.0,0.0,0.0,0.0,11993.7744140625,4211.55419921875,0.0,3.05185103416443,2023-07-27 02:59:29.753095300-04:00
117,2023-07-27T02:59:29.7530953-04:00,10608851,0.0,1464.88842773438,402.844329833984,0.0,0.0,0.0,0.0,7003.998046875,1709.03649902344,0.0,3.05185103416443,2023-07-27 02:59:29.753095300-04:00
258,2023-07-27T10:59:29.7530953-04:00,10793168,0.0,1129.18481445313,686.666442871094,0.0,0.0,6.10370206832886,0.0,24994.66015625,9704.8857421875,0.0,3.05185103416443,2023-07-27 10:59:29.753095300-04:00
118,2023-07-27T10:59:29.7530953-04:00,10608851,0.0,1342.814453125,402.844329833984,0.0,0.0,0.0,0.0,7003.998046875,1800.59204101563,0.0,3.05185103416443,2023-07-27 10:59:29.753095300-04:00
298,2023-07-27T10:59:29.7530953-04:00,10793169,0.0,976.59228515625,521.866516113281,0.0,0.0,0.0,0.0,16983.55078125,5798.5166015625,0.0,3.05185103416443,2023-07-27 10:59:29.753095300-04:00
58,2023-07-27T10:59:29.7530953-04:00,10608848,0.0,915.555297851563,265.511047363281,0.0,0.0,0.0,30.5185089111328,5996.88720703125,2105.77709960938,0.0,3.05185103416443,2023-07-27 10:59:29.753095300-04:00
178,2023-07-27T10:59:29.7530953-04:00,10621447,0.0,518.814636230469,64.0888671875,0.0,0.0,0.0,0.0,11993.7744140625,4211.55419921875,0.0,3.05185103416443,2023-07-27 10:59:29.753095300-04:00
318,2023-07-27T10:59:29.7530953-04:00,10793169,0.0,976.59228515625,521.866516113281,0.0,0.0,0.0,0.0,16983.55078125,5798.5166015625,0.0,3.05185103416443,2023-07-27 10:59:29.753095300-04:00
278,2023-07-27T10:59:29.7530953-04:00,10793168,0.0,1129.18481445313,686.666442871094,0.0,0.0,6.10370206832886,0.0,24994.66015625,9704.8857421875,0.0,3.05185103416443,2023-07-27 10:59:29.753095300-04:00
38,2023-07-27T10:59:29.7530953-04:00,10047622,0.0,823.999755859375,192.266616821289,0.0,0.0,12.2074041366577,0.0,42985.3203125,11291.8486328125,0.0,3.05185103416443,2023-07-27 10:59:29.753095300-04:00
458,2023-07-27T10:59:29.7530953-04:00,10808163,0.0,823.999755859375,430.310974121094,0.0,0.0,0.0,0.0,15015.1064453125,6286.81298828125,0.0,3.05185103416443,2023-07-27 10:59:29.753095300-04:00
18,2023-07-27T10:59:29.7530953-04:00,10047622,0.0,823.999755859375,192.266616821289,0.0,0.0,12.2074041366577,0.0,42985.3203125,11291.8486328125,0.0,3.05185103416443,2023-07-27 10:59:29.753095300-04:00
518,2023-07-27T10:59:29.7530953-04:00,10883313,0.0,885.036804199219,485.244293212891,0.0,0.0,6.10370206832886,0.0,16022.2177734375,5584.88720703125,0.0,3.05185103416443,2023-07-27 10:59:29.753095300-04:00
478,2023-07-27T10:59:29.7530953-04:00,10808163,0.0,823.999755859375,430.310974121094,0.0,0.0,0.0,0.0,15015.1064453125,6286.81298828125,0.0,3.05185103416443,2023-07-27 10:59:29.753095300-04:00
198,2023-07-27T10:59:29.7530953-04:00,10621447,0.0,518.814636230469,64.0888671875,0.0,0.0,0.0,0.0,11993.7744140625,4211.55419921875,0.0,3.05185103416443,2023-07-27 10:59:29.753095300-04:00
78,2023-07-27T10:59:29.7530953-04:00,10608848,0.0,915.555297851563,265.511047363281,0.0,0.0,0.0,30.5185089111328,5996.88720703125,2105.77709960938,0.0,3.05185103416443,2023-07-27 10:59:29.753095300-04:00
338,2023-07-27T10:59:29.7530953-04:00,10795927,0.0,213.62956237793,192.266616821289,0.0,0.0,6.10370206832886,0.0,13000.884765625,7904.2939453125,0.0,3.05185103416443,2023-07-27 10:59:29.753095300-04:00
398,2023-07-27T10:59:29.7530953-04:00,10808160,0.0,946.073791503906,466.933197021484,0.0,0.0,6.10370206832886,0.0,16022.2177734375,6714.072265625,0.0,3.05185103416443,2023-07-27 10:59:29.753095300-04:00
418,2023-07-27T10:59:29.7530953-04:00,10808161,0.0,885.036804199219,457.777648925781,0.0,0.0,6.10370206832886,0.0,16022.2177734375,6408.88720703125,0.0,3.05185103416443,2023-07-27 10:59:29.753095300-04:00
351,2023-07-27T10:59:29.7530953-04:00,10795927,0.0,213.62956237793,192.266616821289,0.0,0.0,6.10370206832886,0.0,13000.884765625,7904.2939453125,0.0,3.05185103416443,2023-07-27 10:59:29.753095300-04:00
98,2023-07-27T10:59:29.7530953-04:00,10608851,0.0,1342.814453125,402.844329833984,0.0,0.0,0.0,0.0,7003.998046875,1800.59204101563,0.0,3.05185103416443,2023-07-27 10:59:29.753095300-04:00
238,2023-07-27T10:59:29.7530953-04:00,10793167,0.0,854.518249511719,384.533233642578,0.0,0.0,0.0,0.0,11993.7744140625,5188.146484375,0.0,3.05185103416443,2023-07-27 10:59:29.753095300-04:00
138,2023-07-27T10:59:29.7530953-04:00,10621445,0.0,457.777648925781,45.7777633666992,0.0,0.0,0.0,0.0,3021.33251953125,1403.85144042969,0.0,3.05185103416443,2023-07-27 10:59:29.753095300-04:00
498,2023-07-27T10:59:29.7530953-04:00,10883313,0.0,885.036804199219,485.244293212891,0.0,0.0,6.10370206832886,0.0,16022.2177734375,5584.88720703125,0.0,3.05185103416443,2023-07-27 10:59:29.753095300-04:00
438,2023-07-27T10:59:29.7530953-04:00,10808161,0.0,885.036804199219,457.777648925781,0.0,0.0,6.10370206832886,0.0,16022.2177734375,6408.88720703125,0.0,3.05185103416443,2023-07-27 10:59:29.753095300-04:00
218,2023-07-27T10:59:29.7530953-04:00,10793167,0.0,854.518249511719,384.533233642578,0.0,0.0,0.0,0.0,11993.7744140625,5188.146484375,0.0,3.05185103416443,2023-07-27 10:59:29.753095300-04:00
378,2023-07-27T10:59:29.7530953-04:00,10808160,0.0,946.073791503906,466.933197021484,0.0,0.0,6.10370206832886,0.0,16022.2177734375,6714.072265625,0.0,3.05185103416443,2023-07-27 10:59:29.753095300-04:00
158,2023-07-27T10:59:29.7530953-04:00,10621445,0.0,457.777648925781,45.7777633666992,0.0,0.0,0.0,0.0,3021.33251953125,1403.85144042969,0.0,3.05185103416443,2023-07-27 10:59:29.753095300-04:00
499,2023-07-27T18:59:29.7530953-04:00,10883313,0.0,946.073791503906,494.399841308594,0.0,0.0,6.10370206832886,0.0,16983.55078125,5706.96142578125,0.0,3.05185103416443,2023-07-27 18:59:29.753095300-04:00
39,2023-07-27T18:59:29.7530953-04:00,10047622,0.0,854.518249511719,201.422164916992,0.0,0.0,12.2074041366577,0.0,43992.4296875,11505.478515625,0.0,3.05185103416443,2023-07-27 18:59:29.753095300-04:00
459,2023-07-27T18:59:29.7530953-04:00,10808163,0.0,915.555297851563,457.777648925781,0.0,0.0,0.0,0.0,16022.2177734375,6988.73876953125,0.0,3.05185103416443,2023-07-27 18:59:29.753095300-04:00
119,2023-07-27T18:59:29.7530953-04:00,10608851,0.0,1403.85144042969,421.155426025391,0.0,0.0,0.0,0.0,8011.10888671875,1892.14758300781,0.0,3.05185103416443,2023-07-27 18:59:29.753095300-04:00
139,2023-07-27T18:59:29.7530953-04:00,10621445,0.0,457.777648925781,45.7777633666992,0.0,0.0,0.0,0.0,3021.33251953125,1403.85144042969,0.0,3.05185103416443,2023-07-27 18:59:29.753095300-04:00
159,2023-07-27T18:59:29.7530953-04:00,10621445,0.0,457.777648925781,45.7777633666992,0.0,0.0,0.0,0.0,3021.33251953125,1403.85144042969,0.0,3.05185103416443,2023-07-27 18:59:29.753095300-04:00
179,2023-07-27T18:59:29.7530953-04:00,10621447,0.0,549.333190917969,73.2444229125977,0.0,0.0,0.0,0.0,13000.884765625,4303.10986328125,0.0,3.05185103416443,2023-07-27 18:59:29.753095300-04:00
199,2023-07-27T18:59:29.7530953-04:00,10621447,0.0,549.333190917969,73.2444229125977,0.0,0.0,0.0,0.0,13000.884765625,4303.10986328125,0.0,3.05185103416443,2023-07-27 18:59:29.753095300-04:00
59,2023-07-27T18:59:29.7530953-04:00,10608848,0.0,946.073791503906,274.666595458984,0.0,0.0,0.0,30.5185089111328,5996.88720703125,2197.33276367188,0.0,3.05185103416443,2023-07-27 18:59:29.753095300-04:00
219,2023-07-27T18:59:29.7530953-04:00,10793167,0.0,915.555297851563,402.844329833984,0.0,0.0,0.0,0.0,13000.884765625,5493.33154296875,0.0,3.05185103416443,2023-07-27 18:59:29.753095300-04:00
239,2023-07-27T18:59:29.7530953-04:00,10793167,0.0,915.555297851563,402.844329833984,0.0,0.0,0.0,0.0,13000.884765625,5493.33154296875,0.0,3.05185103416443,2023-07-27 18:59:29.753095300-04:00
259,2023-07-27T18:59:29.7530953-04:00,10793168,0.0,1220.74035644531,759.910888671875,0.0,0.0,6.10370206832886,0.0,27008.880859375,10315.255859375,0.0,3.05185103416443,2023-07-27 18:59:29.753095300-04:00
279,2023-07-27T18:59:29.7530953-04:00,10793168,0.0,1220.74035644531,759.910888671875,0.0,0.0,6.10370206832886,0.0,27008.880859375,10315.255859375,0.0,3.05185103416443,2023-07-27 18:59:29.753095300-04:00
299,2023-07-27T18:59:29.7530953-04:00,10793169,0.0,1037.62927246094,540.177612304688,0.0,0.0,0.0,0.0,17990.662109375,6012.146484375,0.0,3.05185103416443,2023-07-27 18:59:29.753095300-04:00
79,2023-07-27T18:59:29.7530953-04:00,10608848,0.0,946.073791503906,274.666595458984,0.0,0.0,0.0,30.5185089111328,5996.88720703125,2197.33276367188,0.0,3.05185103416443,2023-07-27 18:59:29.753095300-04:00
319,2023-07-27T18:59:29.7530953-04:00,10793169,0.0,1037.62927246094,540.177612304688,0.0,0.0,0.0,0.0,17990.662109375,6012.146484375,0.0,3.05185103416443,2023-07-27 18:59:29.753095300-04:00
99,2023-07-27T18:59:29.7530953-04:00,10608851,0.0,1403.85144042969,421.155426025391,0.0,0.0,0.0,0.0,8011.10888671875,1892.14758300781,0.0,3.05185103416443,2023-07-27 18:59:29.753095300-04:00
339,2023-07-27T18:59:29.7530953-04:00,10795927,0.0,213.62956237793,201.422164916992,0.0,0.0,6.10370206832886,0.0,14007.99609375,8209.4794921875,0.0,3.05185103416443,2023-07-27 18:59:29.753095300-04:00
352,2023-07-27T18:59:29.7530953-04:00,10795927,0.0,213.62956237793,201.422164916992,0.0,0.0,6.10370206832886,0.0,14007.99609375,8209.4794921875,0.0,3.05185103416443,2023-07-27 18:59:29.753095300-04:00
379,2023-07-27T18:59:29.7530953-04:00,10808160,0.0,1007.11083984375,476.088745117188,0.0,0.0,6.10370206832886,0.0,16022.2177734375,6805.62744140625,0.0,3.05185103416443,2023-07-27 18:59:29.753095300-04:00
399,2023-07-27T18:59:29.7530953-04:00,10808160,0.0,1007.11083984375,476.088745117188,0.0,0.0,6.10370206832886,0.0,16022.2177734375,6805.62744140625,0.0,3.05185103416443,2023-07-27 18:59:29.753095300-04:00
419,2023-07-27T18:59:29.7530953-04:00,10808161,0.0,946.073791503906,476.088745117188,0.0,0.0,6.10370206832886,0.0,16983.55078125,6805.62744140625,0.0,3.05185103416443,2023-07-27 18:59:29.753095300-04:00
19,2023-07-27T18:59:29.7530953-04:00,10047622,0.0,854.518249511719,201.422164916992,0.0,0.0,12.2074041366577,0.0,43992.4296875,11505.478515625,0.0,3.05185103416443,2023-07-27 18:59:29.753095300-04:00
439,2023-07-27T18:59:29.7530953-04:00,10808161,0.0,946.073791503906,476.088745117188,0.0,0.0,6.10370206832886,0.0,16983.55078125,6805.62744140625,0.0,3.05185103416443,2023-07-27 18:59:29.753095300-04:00
479,2023-07-27T18:59:29.7530953-04:00,10808163,0.0,915.555297851563,457.777648925781,0.0,0.0,0.0,0.0,16022.2177734375,6988.73876953125,0.0,3.05185103416443,2023-07-27 18:59:29.753095300-04:00
519,2023-07-27T18:59:29.7530953-04:00,10883313,0.0,946.073791503906,494.399841308594,0.0,0.0,6.10370206832886,0.0,16983.55078125,5706.96142578125,0.0,3.05185103416443,2023-07-27 18:59:29.753095300-04:00
