energy_loss,location_zip
5.38E-07,99557
9.44E-07,99557
9.35E-07,99557
1.01E-06,99557
1.05E-06,99557
1.05E-06,99557
1.09E-06,99557
1.09E-06,99557
1.13E-06,99557
1.13E-06,99557
1.13E-06,99557
1.10E-06,99557
1.09E-06,99557
9.97E-07,99557
9.79E-07,99557
1.01E-06,99557
9.79E-07,99557
9.35E-07,99557
9.03E-07,99557
8.59E-07,99557
5.47E-08,99557
2.16E-06,99557
8.97E-06,99557
9.17E-06,99557
8.87E-06,99557
9.06E-06,99557
9.00E-06,99557
8.50E-06,99557
4.66E-06,99557
8.39E-06,99557
8.53E-06,99557
8.40E-06,99557
8.50E-06,99557
3.034095794,99557
2.661242962,99557
2.425250231,99557
2.229129685,99557
2.450627086,99557
2.053711469,99557
2.302890167,99557
2.030289448,99557
1.462976876,99557
0.921056065,99557
0.742248969,99557
0.697962169,99557
0.499570312,99557
0.445015072,99557
0.446033856,99557
1.585467018,99557
1.244602369,99557
0.961060652,99557
0.752475744,99557
0.666004337,99557
0.577642202,99557
0.587784907,99557
0.680553151,99557
0.857441975,99557
0.958096777,99557
0.858483558,99557
0.749536655,99557
0.635763362,99557
0.494901486,99557
0.460773248,99557
0.395036908,99557
0.342926962,99557
0.320923536,99557
0.280123193,99557
0.257132661,99557
0.267796812,99557
0.305309652,99557
0.407757803,99557
0.382662272,99557
0.392592446,99557
0.584891744,99557
0.618410123,99557
0.902561667,99557
0.872543791,99557
0.986276092,99557
1.044264426,99557
1.271735745,99557
1.846514226,99557
1.82684897,99557
1.561251693,99557
0.787953818,99557
0.738734454,99557
0.427517047,99557
0.345158972,99557
0.318954317,99557
0.278649139,99557
0.281978396,99557
0.247100886,99557
0.205954074,99557
0.160738534,99557
0.300574482,99557
0.571743148,99557
0.482825113,99557
1.116686981,99557
1.66547122,99557
2.434603686,99557
2.962194917,99557
2.585492041,99557
2.428669796,99557
2.195664596,99557
2.441627078,99557
3.299087589,99557
3.5,99557
3.384849888,99557
2.14459097,99557
1.637229642,99557
1.309198903,99557
1.039278617,99557
0.800178705,99557
0.686190133,99557
0.61592951,99557
0.599206081,99557
0.542476721,99557
0.503245847,99557
0.481744307,99557
0.598927567,99557
1.541330012,99557
1.875710487,99557
2.265568723,99557
2.85308758,99557
3.203660763,99557
3.207526348,99557
3.5,99557
3.173092399,99557
3.264814465,99557
3.5,99557
3.5,99557
3.5,99557
2.653543915,99557
2.136706923,99557
1.956070551,99557
1.399632283,99557
1.196304775,99557
0.979684867,99557
0.720943212,99557
0.667201549,99557
0.632568252,99557
0.59513926,99557
0.505079077,99557
0.529436892,99557
0.824298111,99557
1.448216145,99557
2.085067513,99557
2.754959337,99557
3.048859026,99557
2.851477113,99557
3.321297956,99557
3.5,99557
3.5,99557
3.5,99557
3.5,99557
3.151192437,99557
1.83385932,99557
2.004109791,99557
1.487660288,99557
1.217960131,99557
0.989861905,99557
0.815866366,99557
0.728302365,99557
0.671927404,99557
0.593759002,99557
0.499945528,99557
0.553290431,99557
0.786660704,99557
1.355739692,99557
2.11884739,99557
2.779551633,99557
3.218782006,99557
3.277196013,99557
3.300345874,99557
2.950980337,99557
3.174550818,99557
3.5,99557
3.5,99557
3.5,99557
2.547344678,99557
1.70905663,99557
1.539744482,99557
1.367012764,99557
1.062564339,99557
0.867659996,99557
0.676854953,99557
0.607444367,99557
0.52133183,99557
0.560116659,99557
0.501970306,99557
0.570804828,99557
0.589717648,99557
1.182921409,99557
2.038758308,99557
2.815603309,99557
2.849760794,99557
2.696757908,99557
2.945435059,99557
3.317069467,99557
3.300460275,99557
3.5,99557
3.5,99557
3.305872091,99557
2.428992257,99557
2.117079958,99557
1.742857327,99557
1.498597859,99557
1.409729181,99557
0.962963583,99557
0.769489087,99557
0.685348316,99557
0.644908044,99557
0.621739549,99557
0.611018398,99557
0.593689685,99557
0.57309759,99557
0.762607505,99557
1.167746092,99557
1.691835726,99557
1.625876743,99557
1.363281399,99557
1.480602452,99557
1.632467648,99557
1.661966957,99557
2.41602664,99557
2.532548778,99557
2.036254311,99557
2.279333293,99557
2.467857036,99557
1.945164809,99557
1.623755338,99557
1.403072026,99557
1.361611821,99557
1.120340417,99557
1.007744074,99557
0.891740245,99557
0.623983082,99557
0.589462068,99557
0.76423456,99557
1.192794671,99557
1.969227982,99557
2.393385506,99557
2.634702831,99557
2.742346618,99557
2.919431351,99557
3.119795441,99557
3.5,99557
3.5,99557
0.788377105,99557
0.935582842,99557
0.677972984,99557
0.571518697,99557
0.558999589,99557
0.578148267,99557
0.693557461,99557
1.049400393,99557
1.767707344,99557
2.979064431,99557
3.402565837,99557
3.274634262,99557
3.194738562,99557
3.104702731,99557
2.93285015,99557
3.325660381,99557
3.5,99557
3.5,99557
3.172403372,99557
2.395682418,99557
1.397674689,99557
1.630721023,99557
1.185701769,99557
1.093056864,99557
1.001036378,99557
0.811492506,99557
0.682053082,99557
0.558885253,99557
0.464364744,99557
0.49213343,99557
0.586854183,99557
0.872291714,99557
1.62966431,99557
2.326842588,99557
2.575968326,99557
2.94979052,99557
2.604113103,99557
3.106510021,99557
2.880015996,99557
3.432767404,99557
3.5,99557
3.5,99557
3.011901033,99557
2.05259002,99557
1.740862682,99557
1.464707466,99557
1.373879148,99557
1.311588027,99557
0.935252217,99557
0.772799112,99557
0.692808475,99557
0.5328527,99557
0.358433728,99557
0.470885561,99557
0.513066955,99557
0.706889045,99557
1.549897009,99557
2.053982209,99557
1.730740892,99557
1.962353898,99557
2.113678091,99557
3.197657624,99557
3.038814248,99557
2.550389482,99557
1.636274387,99557
0.95642446,99557
0.934486782,99557
0.894367166,99557
0.794724002,99557
0.706473111,99557
0.628396691,99557
0.574180934,99557
0.560204187,99557
0.476420536,99557
0.45877858,99557
0.509699211,99557
0.7099935,99557
1.332938868,99557
1.459410087,99557
1.797843994,99557
2.046228059,99557
1.996437736,99557
2.11220044,99557
2.205566657,99557
2.480266539,99557
3.017758535,99557
3.061548489,99557
2.50986562,99557
1.572963714,99557
1.060006489,99557
0.921366902,99557
0.75947619,99557
0.761743592,99557
0.627797807,99557
0.573710678,99557
0.557064184,99557
0.439099687,99557
0.358703071,99557
0.374211839,99557
0.559921428,99557
0.521578685,99557
1.137535843,99557
2.16206899,99557
2.533221686,99557
2.519166509,99557
2.673878832,99557
2.451124702,99557
2.790631274,99557
2.594931887,99557
3.5,99557
3.492629323,99557
3.206398645,99557
2.199905609,99557
1.333458227,99557
1.446938963,99557
1.014709766,99557
1.048432986,99557
0.875125473,99557
0.81624019,99557
0.796585661,99557
0.630480747,99557
0.533450446,99557
0.527233284,99557
0.623478645,99557
0.713902637,99557
1.512882124,99557
2.236509558,99557
2.809613749,99557
3.241676397,99557
3.177260201,99557
3.096069882,99557
2.775848328,99557
2.960492026,99557
3.5,99557
3.5,99557
3.5,99557
2.886003681,99557
1.921212155,99557
1.666725296,99557
1.378945148,99557
1.249675761,99557
1.038471727,99557
0.893431573,99557
0.857292039,99557
0.744304249,99557
0.674961591,99557
0.59410565,99557
0.602581235,99557
0.530550248,99557
1.061627956,99557
2.198504822,99557
2.542623089,99557
2.662387772,99557
2.292935214,99557
2.210151554,99557
2.444157975,99557
2.664971837,99557
3.5,99557
3.5,99557
2.637945497,99557
1.739023397,99557
1.349681674,99557
1.429407958,99557
1.301890627,99557
1.140310408,99557
1.069418945,99557
0.985713326,99557
0.815313914,99557
0.626408642,99557
0.496734261,99557
0.508582301,99557
0.643894626,99557
0.617193929,99557
0.831845795,99557
1.157719132,99557
1.568724317,99557
1.763224943,99557
1.839833554,99557
2.031468899,99557
2.601268529,99557
2.273076435,99557
2.667689394,99557
2.691427465,99557
2.70958137,99557
2.362381319,99557
2.570383682,99557
2.733712921,99557
1.836125946,99557
1.483252652,99557
1.201071808,99557
0.977255539,99557
0.944391932,99557
0.78200792,99557
0.654076797,99557
0.658164733,99557
0.7389819,99557
1.025194178,99557
1.872877814,99557
2.706798152,99557
3.457663714,99557
3.5,99557
3.5,99557
3.5,99557
3.5,99557
3.5,99557
3.5,99557
3.5,99557
3.5,99557
3.5,99557
3.067201961,99557
2.708352433,99557
1.829062595,99557
1.661827791,99557
1.509796557,99557
1.129672214,99557
0.945222634,99557
0.776948617,99557
0.607970334,99557
0.685705839,99557
0.752163631,99557
0.929380331,99557
1.92506706,99557
2.721975128,99557
3.231884615,99557
3.5,99557
3.5,99557
3.5,99557
2.015945612,99557
2.548479086,99557
2.754426801,99557
2.917725431,99557
0.997367473,99557
2.761209279,99557
2.207036513,99557
1.252261628,99557
0.910965254,99557
0.771178761,99557
0.612249612,99557
0.50197668,99557
0.568645545,99557
0.565854069,99557
0.468247154,99557
0.39072331,99557
0.435132588,99557
0.415642519,99557
0.502078664,99557
0.704342428,99557
1.868632817,99557
2.513990886,99557
2.660127743,99557
2.427506313,99557
2.128102421,99557
2.318301321,99557
2.228820776,99557
2.951212147,99557
2.937088378,99557
2.72733572,99557
1.814940371,99557
1.097839962,99557
1.065886721,99557
0.968426919,99557
0.817671263,99557
0.661006803,99557
0.562691501,99557
0.55027666,99557
0.461029757,99557
0.41637361,99557
0.473642815,99557
0.493661853,99557
0.63983213,99557
1.196875532,99557
1.766631049,99557
1.795589074,99557
1.855669368,99557
2.216843605,99557
2.346893006,99557
2.520009003,99557
2.775678465,99557
3.5,99557
3.5,99557
3.412031035,99557
2.179551537,99557
1.360845628,99557
1.094345766,99557
1.084289992,99557
0.852343202,99557
0.834736413,99557
0.653145862,99557
0.574242286,99557
0.640830345,99557
0.4559921,99557
0.420581097,99557
0.411506036,99557
0.538039897,99557
1.041214595,99557
1.567541464,99557
2.061079385,99557
2.410045617,99557
2.092790725,99557
2.204217492,99557
2.478920791,99557
2.738028068,99557
3.337449941,99557
3.321757024,99557
2.390422031,99557
2.030135632,99557
1.674958151,99557
1.578858744,99557
1.558296836,99557
1.279020048,99557
1.04930824,99557
1.050340588,99557
0.821425639,99557
0.647132651,99557
0.534910089,99557
0.580969868,99557
0.591362972,99557
0.640527919,99557
0.695169152,99557
0.991563191,99557
1.064215601,99557
1.586497975,99557
1.617622536,99557
1.363607033,99557
1.581742509,99557
2.017184772,99557
2.312853002,99557
1.980964721,99557
1.888253248,99557
1.90995656,99557
0.786971912,99557
1.990886918,99557
2.054781642,99557
1.694504642,99557
1.125249576,99557
0.897151319,99557
0.621973653,99557
0.715659542,99557
0.609240604,99557
0.574399089,99557
0.687726101,99557
1.048432986,99557
1.878002824,99557
2.148901075,99557
2.540572214,99557
2.35855282,99557
2.768000098,99557
2.605085839,99557
2.729207972,99557
3.5,99557
3.5,99557
3.379721078,99557
2.127380695,99557
1.532875858,99557
1.721108859,99557
1.455945342,99557
1.45868204,99557
1.244210992,99557
0.920857503,99557
0.67050495,99557
0.559248477,99557
0.509307511,99557
0.543908845,99557
0.559107209,99557
0.761084206,99557
1.33965677,99557
1.914820796,99557
2.194225183,99557
2.638062387,99557
2.214125412,99557
2.310090227,99557
1.989072196,99557
2.374079497,99557
3.5,99557
3.472534037,99557
3.091275533,99557
2.323234969,99557
1.445045875,99557
1.138303551,99557
0.96205453,99557
0.951512799,99557
0.907782561,99557
0.7532485,99557
0.621597689,99557
0.55906685,99557
0.412562774,99557
0.377498883,99557
0.409264246,99557
0.414616596,99557
0.649088062,99557
1.217940275,99557
1.479661216,99557
1.496946414,99557
1.586928584,99557
1.631548255,99557
1.674643814,99557
1.915169367,99557
2.860401169,99557
3.10899987,99557
2.739412611,99557
1.616369918,99557
0.897637073,99557
0.829238695,99557
0.686488244,99557
0.588826812,99557
0.65720172,99557
0.533910479,99557
0.483675614,99557
0.380178802,99557
0.335492324,99557
0.382851502,99557
0.401446252,99557
0.425912763,99557
1.071140696,99557
1.70676409,99557
2.289340376,99557
2.062099803,99557
1.772446937,99557
1.396398735,99557
1.611227269,99557
1.858844674,99557
2.672040364,99557
2.714277588,99557
1.969669847,99557
1.104892343,99557
0.674743581,99557
0.736787265,99557
0.644782828,99557
0.56301546,99557
0.554321409,99557
0.402809672,99557
0.341138161,99557
0.327320313,99557
0.30528977,99557
0.376780684,99557
0.456569384,99557
0.442611849,99557
0.941430616,99557
1.780096294,99557
2.217540159,99557
2.38118168,99557
2.253452573,99557
2.149666011,99557
1.842714406,99557
2.634600617,99557
3.5,99557
3.5,99557
3.097399666,99557
1.894521729,99557
1.156961031,99557
1.039544592,99557
0.874881438,99557
0.75353741,99557
0.768203335,99557
0.59231111,99557
0.484877595,99557
0.425366938,99557
0.379347235,99557
0.355939049,99557
0.460614492,99557
0.38614265,99557
0.839675159,99557
0.883502112,99557
0.365843061,99557
3.076488731,99557
2.35407866,99557
2.351056865,99557
2.352795195,99557
2.415005988,99557
2.995950702,99557
3.005097864,99557
2.453167339,99557
1.525244779,99557
0.953426755,99557
1.009677587,99557
0.827560186,99557
0.660275609,99557
0.477731606,99557
0.40350463,99557
0.340843983,99557
0.3385056,99557
0.307994753,99557
0.323957846,99557
0.366601599,99557
0.428340927,99557
0.525758069,99557
0.777289623,99557
0.989602364,99557
0.987974295,99557
0.789663634,99557
0.713347873,99557
0.781141035,99557
0.802175648,99557
1.088124674,99557
1.240500987,99557
0.926451322,99557
0.936458992,99557
1.284570847,99557
1.137497465,99557
0.856334424,99557
0.711282708,99557
0.71038014,99557
0.527546871,99557
0.46056565,99557
0.37366173,99557
0.378544252,99557
0.485811411,99557
0.418314689,99557
0.573724306,99557
1.123685106,99557
1.619482337,99557
1.988196857,99557
2.348940005,99557
2.554816305,99557
2.479289064,99557
2.21400494,99557
2.517952995,99557
3.5,99557
3.285849317,99557
2.83326197,99557
1.986611588,99557
1.182265955,99557
1.093433107,99557
0.920797075,99557
0.989808204,99557
0.767683029,99557
0.619662921,99557
0.507748628,99557
0.435387795,99557
0.359592621,99557
0.396757645,99557
0.408366945,99557
0.604118529,99557
1.084870854,99557
2.114606791,99557
2.666660966,99557
2.686146528,99557
2.620761703,99557
2.512075163,99557
2.415481333,99557
2.801808245,99557
3.5,99557
3.5,99557
3.109295969,99557
2.520208937,99557
1.616289859,99557
1.454870914,99557
1.113922335,99557
0.892318006,99557
0.819616601,99557
0.833356174,99557
0.59088573,99557
0.548856165,99557
0.471472193,99557
0.442923121,99557
0.446186073,99557
0.506582635,99557
1.01192966,99557
1.821005127,99557
2.182221851,99557
2.397423236,99557
2.165072722,99557
2.260507362,99557
2.568783003,99557
2.517743634,99557
2.502502756,99557
1.758927191,99557
1.407540397,99557
1.207073579,99557
1.095880266,99557
0.958537103,99557
0.819559592,99557
0.74113333,99557
0.586805944,99557
0.449798803,99557
0.460138389,99557
0.597090996,99557
0.709485722,99557
1.12008334,99557
1.779040231,99557
2.235500659,99557
2.825136364,99557
2.633855977,99557
2.963562745,99557
3.069849388,99557
3.46054151,99557
3.5,99557
3.5,99557
3.434484378,99557
2.92178357,99557
1.986852508,99557
1.608328147,99557
1.499534081,99557
2.395209025,99557
2.769751507,99557
3.095911593,99557
3.5,99557
3.5,99557
3.477346921,99557
3.180692675,99557
1.86718201,99557
1.336389303,99557
1.233077617,99557
0.950688109,99557
0.826521183,99557
0.698322966,99557
1.023373262,99557
0.554408484,99557
0.436757099,99557
0.545874451,99557
0.552273784,99557
1.214973604,99557
2.137311861,99557
2.381861937,99557
2.013583319,99557
2.47804271,99557
2.47982736,99557
2.927937639,99557
3.5,99557
3.5,99557
3.5,99557
3.5,99557
2.756741467,99557
1.834261361,99557
1.83754025,99557
1.556758723,99557
1.34387707,99557
1.118027784,99557
0.930672989,99557
0.793265087,99557
0.618579919,99557
0.599254827,99557
0.487769693,99557
0.556097741,99557
0.556715094,99557
1.119959573,99557
1.910329556,99557
2.408021017,99557
2.255546235,99557
2.341741555,99557
2.407839543,99557
2.95200037,99557
3.238065471,99557
3.5,99557
3.5,99557
3.5,99557
2.754083417,99557
1.765076979,99557
2.103175781,99557
1.52678948,99557
1.149859882,99557
1.065663829,99557
0.938604677,99557
0.817036883,99557
0.740451963,99557
0.60553877,99557
0.541628946,99557
0.649885556,99557
0.606400121,99557
1.164074333,99557
1.806055633,99557
2.215209812,99557
2.303190514,99557
2.630951425,99557
2.697895554,99557
2.539554254,99557
2.986833029,99557
3.5,99557
3.5,99557
3.5,99557
3.004177843,99557
1.849082234,99557
1.697515548,99557
1.497056482,99557
1.306791389,99557
1.235486268,99557
1.002260843,99557
0.632131879,99557
0.625568766,99557
0.429613611,99557
0.4191879,99557
0.597299555,99557
0.502206159,99557
0.992602589,99557
1.739723397,99557
2.332843185,99557
2.706975761,99557
2.638003942,99557
2.764199802,99557
2.602821241,99557
3.032059057,99557
3.5,99557
3.5,99557
3.5,99557
2.5334651,99557
1.71363455,99557
1.893221815,99557
1.917834496,99557
1.412058631,99557
1.210159243,99557
1.035274761,99557
0.821409333,99557
0.782620597,99557
0.547876895,99557
0.436980075,99557
0.422824379,99557
0.551912832,99557
0.953734221,99557
1.675330736,99557
2.009232668,99557
2.191707346,99557
2.482207892,99557
2.54819187,99557
2.775503611,99557
2.696034076,99557
3.428301951,99557
3.5,99557
2.908420824,99557
2.529013903,99557
1.783218311,99557
1.885024092,99557
1.374877538,99557
1.206885798,99557
0.977815885,99557
0.864779799,99557
0.844471395,99557
0.65485551,99557
0.477190805,99557
0.477986573,99557
0.442599879,99557
0.496700447,99557
0.766138919,99557
1.188465779,99557
1.595609843,99557
1.738892904,99557
1.220443422,99557
1.609880108,99557
1.438089981,99557
1.452636506,99557
2.601732843,99557
2.390366397,99557
1.778224397,99557
2.132632399,99557
2.131135004,99557
1.413716061,99557
1.365982188,99557
1.110573257,99557
0.996900351,99557
0.800210894,99557
0.640693524,99557
0.652775127,99557
0.591169286,99557
0.556111158,99557
0.565576652,99557
0.640189574,99557
1.235956279,99557
2.11231811,99557
2.228404455,99557
2.393121084,99557
2.639070671,99557
2.691973556,99557
2.823080334,99557
3.5,99557
3.5,99557
3.5,99557
3.5,99557
2.466938529,99557
1.450268392,99557
1.787569675,99557
1.328383244,99557
1.091712324,99557
0.875411627,99557
0.737775992,99557
0.550904128,99557
0.493826205,99557
0.410375731,99557
0.404421366,99557
0.508396269,99557
0.614130481,99557
1.257713763,99557
1.963488239,99557
2.387654997,99557
2.857724009,99557
3.02573387,99557
3.130585847,99557
2.681076993,99557
3.223868021,99557
3.5,99557
3.5,99557
3.5,99557
2.779146698,99557
1.973295016,99557
1.617216383,99557
1.376484863,99557
1.147343509,99557
1.110497416,99557
0.978821354,99557
0.85107296,99557
0.494230879,99557
0.416193679,99557
0.473655197,99557
0.553397501,99557
0.75874726,99557
1.119816773,99557
2.110814795,99557
2.436723684,99557
2.575029913,99557
2.150906022,99557
2.426441199,99557
2.543182562,99557
3.257982939,99557
3.5,99557
3.5,99557
3.488410721,99557
2.461092353,99557
1.72280876,99557
1.567755471,99557
1.31556786,99557
1.366728791,99557
1.199209174,99557
0.946421236,99557
0.757768067,99557
0.523555629,99557
0.500957406,99557
0.441983651,99557
0.501549733,99557
0.630787937,99557
1.073497548,99557
1.884616526,99557
2.200586152,99557
2.588400344,99557
2.718770203,99557
2.677793196,99557
2.491230252,99557
3.006829134,99557
3.5,99557
3.5,99557
3.308260585,99557
2.406667104,99557
1.574058317,99557
1.794733298,99557
1.48606606,99557
1.135914913,99557
1.090208925,99557
0.948864533,99557
0.785926815,99557
0.66734852,99557
0.570138952,99557
0.489203237,99557
0.482418888,99557
0.672369925,99557
1.087505417,99557
1.89471985,99557
2.749740715,99557
3.050257191,99557
2.778366906,99557
2.967198055,99557
2.546971384,99557
2.893252196,99557
3.5,99557
3.5,99557
3.5,99557
2.846056524,99557
1.513634639,99557
1.764754296,99557
1.391693384,99557
1.13247547,99557
1.159972316,99557
1.022718129,99557
0.886726701,99557
0.799591369,99557
0.589027019,99557
0.484583222,99557
0.544346815,99557
0.53782876,99557
1.075213249,99557
1.789687171,99557
2.190761866,99557
2.436850071,99557
2.670731761,99557
2.588414817,99557
2.835367148,99557
3.211781184,99557
3.5,99557
3.5,99557
2.839488893,99557
2.093259257,99557
1.285743652,99557
1.205631,99557
1.195183341,99557
0.995167568,99557
0.770941779,99557
0.628218422,99557
0.575661111,99557
0.48549795,99557
0.365262894,99557
0.403015241,99557
0.407011362,99557
0.516575095,99557
0.600983131,99557
0.808998435,99557
1.081397374,99557
1.210317589,99557
1.21679882,99557
1.251728137,99557
1.422104168,99557
1.177897647,99557
1.727062184,99557
1.988158803,99557
1.363691074,99557
1.267134125,99557
1.273988913,99557
1.249434416,99557
1.221367852,99557
1.113210353,99557
0.901177665,99557
0.673846047,99557
0.545881097,99557
0.458035501,99557
0.426500063,99557
0.407660152,99557
0.458096386,99557
0.770007372,99557
1.474533463,99557
2.19238662,99557
2.348174861,99557
2.60504712,99557
2.714144201,99557
2.42532028,99557
2.540213754,99557
3.225402687,99557
3.5,99557
3.5,99557
3.5,99557
2.336472005,99557
1.298895123,99557
1.441846672,99557
1.228666197,99557
1.056193985,99557
0.858016851,99557
0.706594098,99557
0.646467037,99557
0.453420043,99557
0.425431479,99557
0.409943628,99557
0.460077368,99557
0.590152952,99557
0.850160299,99557
1.758569282,99557
2.224739819,99557
2.325607726,99557
2.508511865,99557
2.34099823,99557
2.584653133,99557
3.169984359,99557
3.5,99557
3.5,99557
3.5,99557
2.475777414,99557
1.886321189,99557
1.462509031,99557
1.182764866,99557
1.088218517,99557
0.922282447,99557
0.776211348,99557
0.584155817,99557
0.553484503,99557
0.427540575,99557
0.499004574,99557
0.47033014,99557
0.830222025,99557
1.427160956,99557
1.937594009,99557
2.390116049,99557
2.713655143,99557
2.76993117,99557
2.604650263,99557
2.514941888,99557
3.226663001,99557
3.5,99557
3.5,99557
3.12478677,99557
2.181557441,99557
1.60490735,99557
1.367286248,99557
1.094665757,99557
0.900272659,99557
0.813641451,99557
0.703414095,99557
0.619988715,99557
0.493921035,99557
0.373788219,99557
0.414888893,99557
0.53246533,99557
0.673019219,99557
1.125058729,99557
1.599896768,99557
2.333447793,99557
2.276807799,99557
2.461148805,99557
2.299969632,99557
3.101802654,99557
3.17182657,99557
3.251109906,99557
3.092256253,99557
2.582079404,99557
1.775142714,99557
1.18383152,99557
0.976908738,99557
0.749708008,99557
0.566138323,99557
0.51189165,99557
0.513128172,99557
0.452772112,99557
0.418087803,99557
0.52142277,99557
0.439362017,99557
1.883036077,99557
1.90798029,99557
1.896850307,99557
2.341135874,99557
3.16974411,99557
3.096608094,99557
2.513073339,99557
1.795046657,99557
1.114834004,99557
0.946429988,99557
0.797348607,99557
0.556728518,99557
0.561956193,99557
0.41321019,99557
0.380389611,99557
0.323067529,99557
0.305717388,99557
0.298970429,99557
0.363438374,99557
0.447190153,99557
0.654535235,99557
1.695219051,99557
2.161182824,99557
2.510150668,99557
2.514656568,99557
2.505121956,99557
2.572966007,99557
2.616409047,99557
3.488897999,99557
3.056136128,99557
2.801943769,99557
1.824563776,99557
1.31922306,99557
1.248951795,99557
1.028676626,99557
0.877146382,99557
0.740119137,99557
0.649697013,99557
0.515295677,99557
0.425232002,99557
0.415439553,99557
0.371218651,99557
0.435411539,99557
0.660034404,99557
0.723687992,99557
0.768802693,99557
1.525900348,99557
1.500095955,99557
1.485400832,99557
1.157135211,99557
1.376885961,99557
1.659265859,99557
2.429020298,99557
2.466811364,99557
1.990836146,99557
1.624076326,99557
1.981416344,99557
1.820410334,99557
1.537088876,99557
1.393243255,99557
1.165452993,99557
1.042536865,99557
0.778432142,99557
0.694209408,99557
0.467459538,99557
0.493756668,99557
0.607360233,99557
0.84010387,99557
1.65617331,99557
2.62535119,99557
2.584407272,99557
2.799700513,99557
2.75868355,99557
2.799429576,99557
3.166205498,99557
3.5,99557
3.5,99557
3.5,99557
3.418564696,99557
2.290347735,99557
1.605032715,99557
1.682441071,99557
1.321921243,99557
1.165977486,99557
0.917700649,99557
0.873081677,99557
0.660385263,99557
0.524552019,99557
0.520714948,99557
0.531658214,99557
0.677780409,99557
1.032941986,99557
1.676821493,99557
2.707760273,99557
2.942023986,99557
2.698471857,99557
2.584812226,99557
2.40149225,99557
2.452913724,99557
3.428851645,99557
3.5,99557
3.5,99557
2.945779878,99557
2.302080238,99557
1.650563137,99557
1.492876744,99557
1.164540268,99557
0.972184167,99557
0.672893763,99557
0.610048371,99557
0.620874456,99557
0.444457136,99557
0.476103912,99557
0.374360438,99557
0.491780083,99557
0.632833011,99557
1.43109706,99557
2.147266153,99557
2.45904642,99557
2.494681796,99557
2.519680556,99557
2.462786183,99557
2.275844136,99557
2.280678079,99557
2.741125165,99557
2.511790006,99557
1.823774015,99557
1.451118957,99557
1.49367924,99557
1.522657215,99557
1.247524589,99557
2.052847797,99557
1.958285571,99557
2.028866872,99557
1.933851675,99557
2.861557603,99557
3.5,99557
3.5,99557
2.970871773,99557
1.921386727,99557
1.113504611,99557
1.034350485,99557
0.948076029,99557
0.661774993,99557
0.57174995,99557
0.509339612,99557
0.421170548,99557
0.417831903,99557
0.337005112,99557
0.456210818,99557
0.5314221,99557
0.697315974,99557
1.105440862,99557
1.859134959,99557
3.5,99557
3.030602426,99557
2.709640603,99557
2.432463565,99557
3.215183858,99557
3.5,99557
3.252943087,99557
3.125311568,99557
2.093064029,99557
1.268613032,99557
1.064781778,99557
0.782397778,99557
0.62606693,99557
0.55342427,99557
0.503807598,99557
0.492253345,99557
0.502901292,99557
0.413678727,99557
0.463831564,99557
0.47308577,99557
0.460193311,99557
0.733632416,99557
1.708503928,99557
2.01286852,99557
2.145961299,99557
1.874909732,99557
1.727688825,99557
2.057993836,99557
3.098888096,99557
3.237239937,99557
3.008389263,99557
3.002603218,99557
1.837613418,99557
0.938622108,99557
1.026196372,99557
0.946972673,99557
0.681310336,99557
0.705581157,99557
0.594251272,99557
0.485617053,99557
0.461286338,99557
0.414489169,99557
0.465603883,99557
0.386500503,99557
0.49122508,99557
0.701747653,99557
1.136231335,99557
1.535750783,99557
1.318334607,99557
1.245596142,99557
1.309569486,99557
1.650135535,99557
1.306853093,99557
1.049068661,99557
0.801466771,99557
0.762183341,99557
0.642422859,99557
0.529220905,99557
0.417657471,99557
0.364681375,99557
0.326091386,99557
0.282437177,99557
0.281181196,99557
0.256831676,99557
0.308199481,99557
0.454153308,99557
0.58678527,99557
0.944811609,99557
1.707622143,99557
1.920937843,99557
1.938470663,99557
2.429777467,99557
2.230069974,99557
2.322508297,99557
2.816161855,99557
3.26757835,99557
3.321740628,99557
2.806312414,99557
1.778416341,99557
0.962398684,99557
0.727841803,99557
0.610371628,99557
0.518335267,99557
0.477116235,99557
0.469325046,99557
0.392733375,99557
0.335211009,99557
0.32296016,99557
0.354721766,99557
0.406787563,99557
0.418745359,99557
0.666239288,99557
1.320483936,99557
1.542022541,99557
1.835674947,99557
1.849730632,99557
1.69140281,99557
1.770028473,99557
2.731452548,99557
2.80552882,99557
2.638135445,99557
2.484873175,99557
1.726281997,99557
0.910656177,99557
0.670976478,99557
0.548622926,99557
0.415926756,99557
0.390262342,99557
0.347069557,99557
0.329387428,99557
0.309769655,99557
0.345312259,99557
0.326846979,99557
0.382267266,99557
0.567409312,99557
0.770910184,99557
1.281860148,99557
1.626645378,99557
1.86653056,99557
1.723434629,99557
1.589297975,99557
1.859200379,99557
2.837548875,99557
3.231933133,99557
3.092604287,99557
2.841672205,99557
2.112893433,99557
1.187161785,99557
0.840277034,99557
0.580215856,99557
0.536898931,99557
0.51281246,99557
0.469775047,99557
0.408717696,99557
0.359624989,99557
0.350214119,99557
0.362793285,99557
0.422151937,99557
0.653160402,99557
1.16824193,99557
1.73925276,99557
2.518938061,99557
2.226605319,99557
2.190908335,99557
2.302794606,99557
2.482214979,99557
3.427244331,99557
3.5,99557
3.5,99557
3.374943206,99557
2.71940807,99557
1.708421619,99557
1.523800803,99557
1.155026581,99557
1.212921875,99557
0.809564933,99557
0.726829079,99557
0.619896634,99557
0.547304394,99557
0.431402085,99557
0.483012659,99557
0.482537613,99557
0.633112141,99557
1.082323715,99557
2.271693216,99557
2.85982304,99557
2.803314253,99557
2.992417122,99557
2.857739216,99557
2.920968642,99557
3.5,99557
3.5,99557
3.5,99557
3.5,99557
2.764454071,99557
2.072784106,99557
1.93721836,99557
1.374406421,99557
1.160766941,99557
1.189937308,99557
0.976117552,99557
0.895252176,99557
0.789855505,99557
0.604922894,99557
0.649602752,99557
0.640160783,99557
0.649370754,99557
1.078938416,99557
1.623594855,99557
2.036087432,99557
2.015081405,99557
1.933176187,99557
1.816597066,99557
1.917996456,99557
2.817792522,99557
3.5,99557
3.479595193,99557
2.557218168,99557
1.961572653,99557
2.0320844,99557
2.334835938,99557
1.677275839,99557
1.383110456,99557
1.336441301,99557
1.140877257,99557
0.954006589,99557
0.863441803,99557
0.582297432,99557
0.622647835,99557
0.68451446,99557
0.728317719,99557
0.756883421,99557
1.286008882,99557
1.385100177,99557
1.629629858,99557
1.566223954,99557
1.379970034,99557
1.641595132,99557
2.467899433,99557
3.136756743,99557
2.683080656,99557
2.099198539,99557
2.013493962,99557
2.103319293,99557
2.006390065,99557
1.665564099,99557
1.593848982,99557
1.235766264,99557
1.191105369,99557
0.96031705,99557
0.756883421,99557
0.560244587,99557
0.674754665,99557
0.582802097,99557
0.844661544,99557
0.946561268,99557
1.27827746,99557
1.614437607,99557
1.69714441,99557
1.492195341,99557
1.354189893,99557
1.298966893,99557
1.808008647,99557
2.268792536,99557
2.065925386,99557
1.940074201,99557
1.520981468,99557
1.504230613,99557
1.450479655,99557
1.337263012,99557
1.313948392,99557
1.313463777,99557
1.195084995,99557
0.925983802,99557
0.66443417,99557
0.547790335,99557
0.541840828,99557
0.587316006,99557
0.685299909,99557
0.633090668,99557
1.020063348,99557
1.499743395,99557
1.809793281,99557
1.504980974,99557
1.282430584,99557
1.297757326,99557
1.361968751,99557
2.184920396,99557
2.17548942,99557
2.148254943,99557
2.086158817,99557
1.962253083,99557
2.052938023,99557
1.671909165,99557
1.447187861,99557
0.995320136,99557
0.794515504,99557
0.764895309,99557
0.812092303,99557
0.651983125,99557
0.523041524,99557
0.466777064,99557
0.529927934,99557
1.061044086,99557
2.04056985,99557
2.426679428,99557
2.508754089,99557
2.023552645,99557
1.666597545,99557
1.75560004,99557
2.38540362,99557
2.341356113,99557
2.478156002,99557
2.403793048,99557
1.844925401,99557
1.575424282,99557
1.504175447,99557
0.987563017,99557
0.972521256,99557
0.779615214,99557
0.710349811,99557
0.71510156,99557
0.691536127,99557
0.436225162,99557
0.490449863,99557
0.516180762,99557
0.56236089,99557
0.679877979,99557
0.889397135,99557
1.231939073,99557
1.326838802,99557
1.76569454,99557
1.409643733,99557
0.503692669,99557
1.797108277,99557
3.5,99557
3.5,99557
3.303713373,99557
2.444214232,99557
2.014936679,99557
1.424808338,99557
1.104230518,99557
0.972982631,99557
0.984534719,99557
0.849372486,99557
0.752257258,99557
0.714548866,99557
0.544705285,99557
0.570920376,99557
0.620484652,99557
0.79878715,99557
1.361338905,99557
2.067826571,99557
2.69237209,99557
2.669658651,99557
2.88447562,99557
3.036556457,99557
3.062508739,99557
3.139864395,99557
3.5,99557
3.5,99557
3.5,99557
3.202469344,99557
2.367943003,99557
1.631640183,99557
1.759201613,99557
1.174287937,99557
1.060312157,99557
0.907748276,99557
0.811678906,99557
0.733586185,99557
0.683707145,99557
0.618162545,99557
0.69789453,99557
0.905093204,99557
1.040452834,99557
0.794034458,99557
1.7185252,99557
2.126396722,99557
1.956397691,99557
1.737783911,99557
1.78839968,99557
2.399095016,99557
2.547086241,99557
2.536100448,99557
2.024666135,99557
1.239088632,99557
1.076295591,99557
0.944208353,99557
0.646069279,99557
0.578592966,99557
0.482056555,99557
0.414263323,99557
0.365785024,99557
0.349687267,99557
0.31607507,99557
0.366726888,99557
0.428635361,99557
0.364187177,99557
0.452451346,99557
0.630773647,99557
0.684722876,99557
0.760895863,99557
0.697684118,99557
0.738749918,99557
0.728210241,99557
1.024401881,99557
1.391895031,99557
1.043841593,99557
0.945764973,99557
0.913396768,99557
0.884982493,99557
0.789855505,99557
0.778297217,99557
0.70345182,99557
0.597716783,99557
0.510958806,99557
0.468179443,99557
0.3675936,99557
0.376902178,99557
0.344171351,99557
0.40413537,99557
0.532038729,99557
0.751141916,99557
1.3871549,99557
1.753610027,99557
2.196064517,99557
2.30258984,99557
2.233577656,99557
1.989376707,99557
3.026923252,99557
2.911351861,99557
2.874171789,99557
2.22833731,99557
1.483942969,99557
1.149965997,99557
1.084636617,99557
0.790983216,99557
0.619110684,99557
0.544519396,99557
0.498540782,99557
0.417802829,99557
0.387317474,99557
0.339852071,99557
0.385963786,99557
0.427028979,99557
0.59598624,99557
1.044894238,99557
1.885085849,99557
2.344688484,99557
2.416068589,99557
2.351222392,99557
2.578322329,99557
2.358621899,99557
3.5,99557
3.5,99557
3.5,99557
2.993584374,99557
2.047141822,99557
1.490382688,99557
1.186240597,99557
0.97548661,99557
0.806944525,99557
0.678195219,99557
0.556010534,99557
0.542052751,99557
0.482493871,99557
0.422046733,99557
0.402233217,99557
0.427799431,99557
0.617787734,99557
0.981974573,99557
1.5362748,99557
1.805833995,99557
2.142246615,99557
2.135589328,99557
2.183963086,99557
2.097778077,99557
3.5,99557
3.5,99557
3.29227741,99557
2.922275658,99557
1.878076793,99557
1.092962813,99557
1.039086035,99557
0.858175184,99557
0.875975655,99557
0.741396669,99557
0.792416007,99557
0.580380326,99557
0.512728716,99557
0.485479146,99557
0.476023221,99557
0.484395372,99557
0.574801421,99557
1.062601432,99557
1.554884824,99557
2.071411452,99557
2.045867758,99557
2.534811248,99557
2.600775241,99557
2.236105971,99557
3.283077715,99557
3.5,99557
3.5,99557
3.149675531,99557
2.236617187,99557
1.301285093,99557
1.292311023,99557
1.176804393,99557
0.885913653,99557
0.822339064,99557
0.734187302,99557
0.545183428,99557
0.501983054,99557
0.507402535,99557
0.463513027,99557
0.527997814,99557
0.635562535,99557
1.191802552,99557
2.191108074,99557
2.336265746,99557
2.437538233,99557
2.488561561,99557
2.597381526,99557
2.330219548,99557
3.5,99557
3.5,99557
3.5,99557
3.5,99557
2.483242646,99557
1.372877607,99557
1.307727381,99557
1.177663335,99557
0.996460279,99557
0.912786437,99557
0.73941503,99557
0.708319278,99557
0.588309194,99557
0.508139728,99557
0.437241771,99557
0.650814166,99557
0.719012001,99557
1.041728711,99557
2.065278924,99557
2.62729018,99557
2.479954859,99557
2.567773823,99557
2.560484785,99557
2.560859068,99557
3.5,99557
3.5,99557
3.5,99557
3.226129761,99557
1.888870356,99557
1.291033008,99557
1.372297935,99557
1.43783108,99557
1.633368137,99557
2.134366882,99557
2.079719058,99557
2.016303268,99557
1.917797122,99557
1.411695196,99557
0.72260169,99557
0.480172121,99557
0.449340385,99557
0.367331843,99557
0.318050614,99557
0.289194297,99557
0.283777418,99557
0.259194112,99557
0.259349854,99557
0.258988054,99557
0.345248825,99557
0.465695965,99557
0.501294926,99557
0.998113297,99557
1.086426829,99557
1.289786275,99557
1.078994483,99557
1.143896416,99557
1.275827431,99557
2.061208538,99557
2.452406533,99557
2.496074453,99557
2.108998459,99557
1.317652975,99557
0.658485894,99557
0.518354697,99557
0.448430274,99557
0.377913539,99557
0.344762697,99557
0.313297829,99557
0.303284963,99557
0.299103253,99557
0.277866147,99557
0.347212666,99557
0.405480431,99557
0.400295707,99557
0.535989665,99557
1.085526852,99557
1.672758413,99557
1.854137855,99557
1.692268696,99557
1.524800406,99557
1.342813554,99557
2.135707648,99557
2.443525128,99557
2.284306902,99557
1.864122411,99557
1.329368424,99557
0.874233647,99557
0.619854138,99557
0.449412751,99557
0.394127111,99557
0.374872504,99557
0.33764777,99557
0.315903135,99557
0.316778468,99557
0.292439817,99557
0.279181252,99557
0.307460783,99557
0.345915165,99557
0.451616677,99557
0.67852123,99557
0.688860537,99557
0.796489315,99557
0.788233334,99557
0.723374258,99557
0.778662334,99557
1.535472087,99557
1.635940688,99557
1.553864192,99557
1.09706718,99557
0.965065757,99557
0.800009723,99557
0.654244145,99557
0.512632096,99557
0.451519953,99557
0.447310478,99557
0.428594134,99557
0.457408616,99557
0.41621109,99557
0.332502895,99557
0.366459994,99557
0.403632263,99557
0.384294526,99557
0.548989467,99557
0.86738349,99557
1.107106167,99557
1.282970577,99557
1.254517637,99557
1.115166477,99557
1.190496728,99557
2.144709539,99557
2.476952407,99557
2.359091663,99557
1.548374242,99557
0.903707262,99557
0.820325311,99557
0.705535819,99557
0.566749935,99557
0.488329028,99557
0.417029817,99557
0.400916341,99557
0.36959256,99557
0.359145013,99557
0.299334535,99557
0.293252808,99557
0.361769911,99557
0.517810785,99557
0.900597043,99557
1.338657376,99557
1.577785073,99557
1.726151983,99557
1.534680729,99557
1.621051123,99557
1.890536741,99557
2.488589944,99557
2.664061399,99557
2.626473676,99557
1.907955438,99557
1.094214018,99557
0.775632877,99557
0.714237119,99557
0.605258788,99557
0.521650154,99557
0.510508772,99557
0.42273079,99557
0.424420888,99557
0.38524316,99557
0.374977163,99557
0.416588417,99557
0.560682348,99557
0.764100872,99557
0.960563906,99557
1.422704445,99557
1.788423741,99557
1.990150777,99557
1.879803165,99557
1.850746277,99557
1.972878015,99557
3.194778761,99557
3.059376676,99557
2.971274935,99557
2.435459998,99557
1.368938249,99557
0.994934252,99557
0.90877709,99557
0.775624954,99557
0.73129957,99557
0.542311088,99557
0.75949187,99557
0.565042309,99557
0.726553003,99557
0.700730663,99557
0.749303022,99557
1.496605229,99557
1.95473711,99557
1.718863286,99557
2.342870533,99557
2.197437855,99557
2.102849636,99557
2.912549253,99557
2.825968059,99557
2.589008255,99557
2.087406372,99557
1.44910401,99557
0.920003065,99557
0.830055364,99557
0.595856609,99557
0.55061705,99557
0.460602281,99557
0.381227873,99557
0.375181014,99557
0.335315186,99557
0.324767356,99557
0.33514851,99557
0.477190805,99557
0.545595331,99557
0.822999982,99557
1.257390941,99557
1.563028199,99557
1.748967085,99557
1.992994557,99557
1.849914162,99557
1.935040318,99557
3.28007918,99557
2.910323528,99557
3.088555642,99557
2.494411836,99557
1.555378436,99557
1.123399041,99557
0.834202256,99557
0.521013604,99557
0.459571049,99557
0.43477661,99557
0.379895967,99557
0.331160722,99557
0.351572988,99557
0.280809238,99557
0.319005125,99557
0.389852198,99557
0.439815318,99557
0.723404863,99557
1.372076638,99557
1.909347412,99557
1.899701045,99557
1.835492125,99557
1.848568489,99557
1.87506987,99557
2.911720263,99557
2.858940744,99557
2.611623849,99557
2.090708993,99557
1.264937619,99557
0.751796982,99557
0.72464492,99557
0.637055148,99557
0.425707304,99557
0.380029053,99557
0.318035394,99557
0.345539609,99557
0.304311353,99557
0.265298089,99557
0.264330554,99557
0.377305454,99557
0.383848514,99557
0.432194213,99557
0.701205167,99557
0.676544141,99557
0.725553948,99557
0.776718679,99557
0.648312787,99557
0.756632996,99557
1.058469557,99557
1.095315294,99557
1.138284355,99557
0.944969012,99557
0.853955199,99557
0.767470228,99557
0.874906681,99557
0.678350805,99557
0.4805774,99557
0.445201128,99557
0.395466742,99557
0.326024607,99557
0.301775808,99557
0.270967124,99557
0.292834001,99557
0.481032762,99557
0.484182518,99557
0.733224092,99557
1.350580625,99557
1.788652328,99557
1.908005142,99557
1.798760837,99557
2.193105966,99557
2.150932409,99557
2.847877995,99557
3.276365505,99557
3.005877654,99557
2.488859588,99557
1.789241911,99557
0.896589031,99557
0.791207254,99557
0.707728848,99557
0.485491682,99557
0.418931663,99557
0.396973,99557
0.371975423,99557
0.402039255,99557
0.344414164,99557
0.377487828,99557
0.554241039,99557
0.610118637,99557
0.76000155,99557
1.269697435,99557
1.656242773,99557
1.675237586,99557
2.260980779,99557
2.548459938,99557
1.294848476,99557
1.520914901,99557
1.574227619,99557
1.850317959,99557
1.882085658,99557
1.869321533,99557
2.598527019,99557
2.782492044,99557
2.867114785,99557
2.366600406,99557
1.651591919,99557
0.817923457,99557
0.720759903,99557
0.510560195,99557
0.442252824,99557
0.361196587,99557
0.359970339,99557
0.293087198,99557
0.265543726,99557
0.261769841,99557
0.283681582,99557
0.421392429,99557
0.465364515,99557
0.620697257,99557
1.038755937,99557
1.375851668,99557
1.615512241,99557
1.674713664,99557
1.544805394,99557
1.834310096,99557
2.800392966,99557
2.694128942,99557
2.511618919,99557
2.207343909,99557
1.345765325,99557
0.824649353,99557
0.60395772,99557
0.561012465,99557
0.455585183,99557
0.454862897,99557
0.425020843,99557
0.387300679,99557
0.339736705,99557
0.319167738,99557
0.318644477,99557
0.464236017,99557
0.451350712,99557
0.68406796,99557
1.435448124,99557
1.746707369,99557
1.679606789,99557
2.123406839,99557
1.656277506,99557
2.140837985,99557
2.999829141,99557
2.59435226,99557
2.445860037,99557
2.025895168,99557
1.281340755,99557
0.752163631,99557
0.616480326,99557
0.494623066,99557
0.423485648,99557
0.43890299,99557
0.383051914,99557
0.362522411,99557
0.366514455,99557
0.312132395,99557
0.384461847,99557
0.442067385,99557
0.540113878,99557
0.604922894,99557
1.152137596,99557
1.354943739,99557
1.670420595,99557
1.213575861,99557
1.459344881,99557
1.915132019,99557
2.351994931,99557
2.366600406,99557
2.39165543,99557
1.685966842,99557
1.035906435,99557
0.659267226,99557
0.499659334,99557
0.424153292,99557
0.361250655,99557
0.31995089,99557
0.3175232,99557
0.306060694,99557
0.299546212,99557
0.288237213,99557
0.325249443,99557
0.458809047,99557
0.546393005,99557
0.405463246,99557
0.430409997,99557
0.547397571,99557
0.51789818,99557
0.39475425,99557
0.332228021,99557
0.440704705,99557
0.5316604,99557
0.719637643,99557
0.655270527,99557
0.638829899,99557
0.556963474,99557
0.488241022,99557
0.357588648,99557
0.292084792,99557
0.282418053,99557
0.242671428,99557
0.23711537,99557
0.191700123,99557
0.213119023,99557
0.206411577,99557
0.241189117,99557
0.339170643,99557
0.40871482,99557
0.585800254,99557
0.801329864,99557
0.976073112,99557
1.167260078,99557
1.180173631,99557
1.02316396,99557
1.281799038,99557
2.13898246,99557
2.176657223,99557
2.018424314,99557
1.602913567,99557
0.988305167,99557
0.648428686,99557
0.411927414,99557
0.305573158,99557
0.235837971,99557
0.22675283,99557
0.206607805,99557
0.200020535,99557
0.242870891,99557
0.205794884,99557
0.26655992,99557
0.34263728,99557
0.407493599,99557
0.503354343,99557
0.859308941,99557
1.246781156,99557
1.137696827,99557
1.253469952,99557
1.335276778,99557
1.262358905,99557
2.194798226,99557
2.262468983,99557
2.166926284,99557
1.741574924,99557
1.134640082,99557
0.549649548,99557
0.400193264,99557
0.319671083,99557
0.272439527,99557
0.272110939,99557
0.255765967,99557
0.215100431,99557
0.230210059,99557
0.21273297,99557
0.275023473,99557
0.333795806,99557
0.430061856,99557
0.532793601,99557
1.078088249,99557
1.317178001,99557
1.265453677,99557
1.4089816,99557
1.398344798,99557
1.528245993,99557
2.405397285,99557
2.477065674,99557
2.292403981,99557
1.733037631,99557
1.22216334,99557
0.721837177,99557
0.466764772,99557
0.371196727,99557
0.318639399,99557
0.309624471,99557
0.277212127,99557
0.253115913,99557
0.234564023,99557
0.239610055,99557
0.252858,99557
0.317300196,99557
0.432306588,99557
0.728532701,99557
1.105374654,99557
1.567068448,99557
1.738537039,99557
1.683701519,99557
1.655501901,99557
1.654900065,99557
3.042563406,99557
2.858636536,99557
2.686411926,99557
2.162214497,99557
1.414839389,99557
0.730530469,99557
0.56460285,99557
0.444397164,99557
0.345502593,99557
0.322147801,99557
0.299925448,99557
0.300970819,99557
0.281687072,99557
0.257146347,99557
0.290579553,99557
0.401913776,99557
0.469910706,99557
0.7089857,99557
1.261277641,99557
1.425989776,99557
2.170189596,99557
1.873616566,99557
1.672141814,99557
1.676693355,99557
2.971166389,99557
2.924521332,99557
2.697260216,99557
2.321877693,99557
1.500007811,99557
0.788824474,99557
0.634136146,99557
0.418052903,99557
0.367032028,99557
0.342547767,99557
0.352021191,99557
0.276137988,99557
0.27937617,99557
0.243700645,99557
0.348677248,99557
0.367811802,99557
0.31641402,99557
0.436510407,99557
1.035238149,99557
1.489657935,99557
1.665099733,99557
1.465665716,99557
1.560723433,99557
1.612106652,99557
2.589775483,99557
2.784653337,99557
2.444551788,99557
2.017785328,99557
1.197702385,99557
0.880654812,99557
0.67961097,99557
0.454686964,99557
1.280862192,99557
1.295135119,99557
1.160970486,99557
1.29160548,99557
2.12061556,99557
2.206029832,99557
2.185651815,99557
1.933388828,99557
1.261318053,99557
0.73261567,99557
0.430911804,99557
0.287204573,99557
0.255243033,99557
0.202255677,99557
0.201346406,99557
0.199686737,99557
0.203057531,99557
0.180979399,99557
0.273196032,99557
0.438027332,99557
0.43169757,99557
0.548116635,99557
0.816061394,99557
1.015960698,99557
1.327927073,99557
1.077061023,99557
1.057035477,99557
1.266840473,99557
2.079770951,99557
2.37592338,99557
2.073107911,99557
1.852655954,99557
1.188563853,99557
0.655816803,99557
0.422666453,99557
0.342242456,99557
0.280070822,99557
0.257447516,99557
0.390627721,99557
0.4709226,99557
0.493510168,99557
0.997196781,99557
1.11391284,99557
1.082295638,99557
1.113561569,99557
1.043997847,99557
1.136499849,99557
1.870367147,99557
1.896119376,99557
1.733914108,99557
1.267032862,99557
0.759029385,99557
0.471379543,99557
0.382228332,99557
0.275353814,99557
0.220330467,99557
0.207696926,99557
0.14094462,99557
0.193112797,99557
0.181945101,99557
0.199947116,99557
0.257634695,99557
0.21930134,99557
0.291768855,99557
0.347313389,99557
0.439803386,99557
0.512464644,99557
0.494319424,99557
0.478073651,99557
0.457578989,99557
0.4451231,99557
0.702328044,99557
0.757102577,99557
0.785480268,99557
0.764116599,99557
0.584100813,99557
0.537967314,99557
0.369297291,99557
0.267764226,99557
0.220457165,99557
0.201213218,99557
0.198166069,99557
0.175872387,99557
0.174456724,99557
0.212952936,99557
0.221730387,99557
0.292352256,99557
0.412493439,99557
0.47450998,99557
0.933313145,99557
1.679074413,99557
1.33225347,99557
1.245636302,99557
1.121283287,99557
1.170216605,99557
2.27588485,99557
2.188152865,99557
1.958688437,99557
1.610781959,99557
1.177946465,99557
0.661270132,99557
0.419648157,99557
0.278108045,99557
0.229839007,99557
0.224884685,99557
0.188206737,99557
0.173271388,99557
0.177915527,99557
0.19128284,99557
0.254865943,99557
0.319884743,99557
0.406064941,99557
0.693085553,99557
0.994709934,99557
1.012071441,99557
0.99072132,99557
1.063352703,99557
1.092088336,99557
1.462378483,99557
2.41017131,99557
2.368690593,99557
2.341342348,99557
1.801186771,99557
1.320339215,99557
0.743466282,99557
0.464843028,99557
0.315296679,99557
0.29931977,99557
0.269013237,99557
0.25002963,99557
0.227919512,99557
0.210696448,99557
0.208636846,99557
0.282226856,99557
0.366356531,99557
0.466426798,99557
0.602979346,99557
1.114473091,99557
1.200776055,99557
1.047373955,99557
1.191674883,99557
1.211832289,99557
1.429967295,99557
2.511533378,99557
2.265419779,99557
2.055323282,99557
1.728295869,99557
1.003404953,99557
0.618268643,99557
0.445039077,99557
0.353196411,99557
0.286722666,99557
0.297197359,99557
0.230611651,99557
0.198899597,99557
0.168559373,99557
0.257255843,99557
0.252220568,99557
0.351508982,99557
0.461668286,99557
0.57820983,99557
0.853772318,99557
1.295483228,99557
1.427838096,99557
1.300043676,99557
1.08916655,99557
1.352023754,99557
2.22173519,99557
2.34943868,99557
2.118179607,99557
1.739573103,99557
1.025777213,99557
0.725786403,99557
0.477420763,99557
0.328170084,99557
0.292722045,99557
1.060877295,99557
1.121340443,99557
1.213120034,99557
1.291687272,99557
1.131843717,99557
1.290276721,99557
2.306878186,99557
2.173300636,99557
2.134485168,99557
1.555075528,99557
0.821246276,99557
0.535160138,99557
0.426317957,99557
0.29959545,99557
0.351690347,99557
0.297388656,99557
0.251462126,99557
0.26312016,99557
0.223934354,99557
0.219040224,99557
0.287387803,99557
0.356739193,99557
0.428002452,99557
0.550403459,99557
0.578599809,99557
0.559551255,99557
0.640808741,99557
0.492221787,99557
0.400039623,99557
0.508543809,99557
0.914755701,99557
1.126480929,99557
0.920106612,99557
0.907174109,99557
0.72484404,99557
0.608314088,99557
0.477911942,99557
0.377908009,99557
0.327500475,99557
0.2674943,99557
0.157040345,99557
0.125916783,99557
0.117611842,99557
0.125742867,99557
0.188480027,99557
0.241202372,99557
0.349336253,99557
0.449038921,99557
0.656151965,99557
0.781864732,99557
0.940357305,99557
1.255989165,99557
1.235986283,99557
1.406067929,99557
2.090227741,99557
1.91704971,99557
1.8471744,99557
1.54326278,99557
1.018882536,99557
0.518128032,99557
0.421912326,99557
0.250232093,99557
0.220398035,99557
0.189555584,99557
0.170051099,99557
0.20625221,99557
0.153488562,99557
0.188620653,99557
0.217732782,99557
0.338472452,99557
0.426547064,99557
0.43330678,99557
0.680523466,99557
0.865147929,99557
0.858083515,99557
0.847913923,99557
0.859725952,99557
1.173108667,99557
1.872643906,99557
1.803590177,99557
1.719928865,99557
1.326714456,99557
0.92474631,99557
0.520215217,99557
0.321458865,99557
0.222939309,99557
0.177282407,99557
0.160975461,99557
0.154607836,99557
0.146530977,99557
0.135076406,99557
0.131330281,99557
0.224407137,99557
0.271430922,99557
0.411967831,99557
0.444781056,99557
0.80095142,99557
0.914050306,99557
0.844281267,99557
0.86933673,99557
0.931011484,99557
1.035018485,99557
1.804133883,99557
1.959821719,99557
1.681391058,99557
1.40335975,99557
0.885168686,99557
0.465800334,99557
0.342768939,99557
0.211895652,99557
0.185957724,99557
0.166148876,99557
0.144267005,99557
0.13570533,99557
0.130737611,99557
0.159667931,99557
0.263212458,99557
0.346735751,99557
0.298075868,99557
0.443785679,99557
0.739948882,99557
0.915710999,99557
0.831525836,99557
0.724629604,99557
0.80483673,99557
1.001450451,99557
1.947637286,99557
1.794480221,99557
1.672060385,99557
1.571655205,99557
1.011214875,99557
0.516206615,99557
0.379918147,99557
0.258800384,99557
0.190143541,99557
0.173095434,99557
0.169824882,99557
0.149688382,99557
0.145307615,99557
0.140286809,99557
0.216764192,99557
0.394567751,99557
0.378234362,99557
0.488310169,99557
0.652259181,99557
0.910304237,99557
0.868196375,99557
0.849687567,99557
1.029424937,99557
1.101537994,99557
1.980264175,99557
1.935578456,99557
1.796300367,99557
1.438543115,99557
1.040250968,99557
0.525210285,99557
0.377847179,99557
0.27473105,99557
0.200270061,99557
0.182029531,99557
0.165635907,99557
0.159032309,99557
0.148909761,99557
0.162669071,99557
0.198097996,99557
0.321117222,99557
0.465450435,99557
0.469201796,99557
0.831246948,99557
0.987062446,99557
0.965207161,99557
1.088575154,99557
1.044797685,99557
1.147112257,99557
1.792058809,99557
1.979542658,99557
2.007078224,99557
1.432087315,99557
0.95110041,99557
0.572233013,99557
0.385366009,99557
0.259849461,99557
0.203605159,99557
0.187345224,99557
0.171534492,99557
0.163875894,99557
0.141360338,99557
0.18341003,99557
0.29470634,99557
0.405887251,99557
0.353383558,99557
0.389116726,99557
0.42849402,99557
0.57320656,99557
0.57993494,99557
0.483287793,99557
0.471212795,99557
0.456988904,99557
0.763723462,99557
0.867609719,99557
0.860927508,99557
0.778614705,99557
0.549469487,99557
0.512748041,99557
0.412510772,99557
0.295830649,99557
0.23640625,99557
0.220132046,99557
0.185756053,99557
0.189093697,99557
0.201592717,99557
0.180310285,99557
0.299940229,99557
0.3612074,99557
0.434829998,99557
0.479872949,99557
0.852750212,99557
1.260893752,99557
1.028165741,99557
0.995338086,99557
0.868992868,99557
1.207251491,99557
2.13890352,99557
2.008709886,99557
1.902305762,99557
1.665912415,99557
1.134774241,99557
0.609886775,99557
0.387283883,99557
0.219250789,99557
0.193045597,99557
0.1897789,99557
0.168555679,99557
0.159894475,99557
0.147877065,99557
0.161564324,99557
0.229532898,99557
0.332918015,99557
0.397307482,99557
0.501059287,99557
0.749201792,99557
0.961728081,99557
0.98073584,99557
0.820879458,99557
0.854861576,99557
1.081547059,99557
0.938334517,99557
1.130303361,99557
1.993286667,99557
2.178143969,99557
2.138758799,99557
1.875685846,99557
1.283429151,99557
0.804352569,99557
0.553832579,99557
0.29202159,99557
0.186637227,99557
0.152984983,99557
0.13858705,99557
0.13240832,99557
0.132172736,99557
0.136515143,99557
0.219217092,99557
0.361791554,99557
0.421912326,99557
0.469842874,99557
0.686324275,99557
0.907234088,99557
0.873964506,99557
0.900912946,99557
0.745197047,99557
1.00192314,99557
1.701972368,99557
1.768724146,99557
1.618360606,99557
1.432324166,99557
0.919787361,99557
0.586433876,99557
0.510624476,99557
0.436409372,99557
0.876447221,99557
1.026269278,99557
1.123065344,99557
2.11008294,99557
2.46408518,99557
2.224417797,99557
2.006848825,99557
1.296456134,99557
0.769867918,99557
0.525595008,99557
0.359905573,99557
0.247915433,99557
0.184254735,99557
0.138754549,99557
0.135907557,99557
0.12204297,99557
0.154522954,99557
0.241295162,99557
0.411009894,99557
0.446612819,99557
0.638348245,99557
0.818957044,99557
0.836660791,99557
0.86155365,99557
1.720861026,99557
2.060407855,99557
1.65147631,99557
1.383163356,99557
0.984650762,99557
0.570804828,99557
0.484376589,99557
0.222311108,99557
0.166960248,99557
0.138289152,99557
0.134429153,99557
0.127174447,99557
0.113495894,99557
0.140657692,99557
0.267457079,99557
0.374789889,99557
0.384316833,99557
0.451671088,99557
0.620243743,99557
0.564089236,99557
0.564751571,99557
0.613348196,99557
0.514940564,99557
0.459442989,99557
0.609170389,99557
0.770594272,99557
0.829418928,99557
0.824093935,99557
0.664661509,99557
0.530334034,99557
0.424551786,99557
0.236244439,99557
0.188894242,99557
0.151776967,99557
0.133444755,99557
0.129096902,99557
0.119234013,99557
0.171243999,99557
0.250034128,99557
0.299305005,99557
0.497448862,99557
0.592144958,99557
0.698157589,99557
0.909943784,99557
0.983214088,99557
0.875537886,99557
0.798875594,99557
0.855560397,99557
1.747967873,99557
2.079433654,99557
2.221641328,99557
1.745815778,99557
1.184369922,99557
0.603859847,99557
0.383302503,99557
0.252595696,99557
0.169380304,99557
0.158784867,99557
0.133780163,99557
0.119075642,99557
0.103416789,99557
0.149824153,99557
0.267852679,99557
0.324823752,99557
0.430840943,99557
0.389902752,99557
0.74102491,99557
0.892776949,99557
0.972956011,99557
0.822420644,99557
1.002873356,99557
1.094279891,99557
1.654113213,99557
2.206876142,99557
1.964988594,99557
1.711468396,99557
1.033216293,99557
0.612144031,99557
0.395489371,99557
0.22429209,99557
0.174772492,99557
0.156438444,99557
0.124097457,99557
0.123783918,99557
0.15495114,99557
0.157786307,99557
0.229834694,99557
0.358002989,99557
0.431384359,99557
0.503162888,99557
0.681562824,99557
1.091599534,99557
0.915934834,99557
0.885033271,99557
0.950854773,99557
0.897978031,99557
1.64254041,99557
2.174428054,99557
1.953555004,99557
1.621371844,99557
1.062304706,99557
0.525712409,99557
0.474522374,99557
0.266931617,99557
0.178109101,99557
0.176529444,99557
0.167526807,99557
0.134498427,99557
0.150214402,99557
0.14512935,99557
0.239984503,99557
0.316231875,99557
0.451471595,99557
0.364855239,99557
0.745181515,99557
0.979569117,99557
1.011350574,99557
0.905709519,99557
0.900434843,99557
1.052997529,99557
1.788351558,99557
1.968962886,99557
1.96179945,99557
1.627861797,99557
1.003810503,99557
0.564413597,99557
0.404432808,99557
0.292425222,99557
0.194411643,99557
0.170322015,99557
0.150420183,99557
0.145050538,99557
0.138145339,99557
0.165969247,99557
0.241202372,99557
0.372930712,99557
0.567154097,99557
0.441475437,99557
0.728225594,99557
1.142184428,99557
0.909935202,99557
0.940409648,99557
0.812270663,99557
0.995006038,99557
1.751406839,99557
2.208466753,99557
2.078266296,99557
1.641825663,99557
1.038746768,99557
0.624829004,99557
0.452451346,99557
0.279894698,99557
0.187170045,99557
0.159470285,99557
0.139738127,99557
0.15350266,99557
0.208353415,99557
0.193041645,99557
0.270297894,99557
0.367964581,99557
0.395613843,99557
0.404427087,99557
0.687420261,99557
0.879844553,99557
0.986106352,99557
0.880519743,99557
0.813008636,99557
0.888515024,99557
1.438963946,99557
2.013749273,99557
1.658663338,99557
1.509995531,99557
0.811573547,99557
0.579051527,99557
0.412568553,99557
0.24971485,99557
0.17635562,99557
0.150828675,99557
0.133931563,99557
0.123907386,99557
0.119899697,99557
0.191467805,99557
0.29269771,99557
0.262732682,99557
0.394793816,99557
0.336352631,99557
0.496643387,99557
0.47306102,99557
0.516445789,99557
0.50809484,99557
0.394855995,99557
0.434574954,99557
0.647950668,99557
0.832896348,99557
0.838760393,99557
0.74795645,99557
0.654768154,99557
0.619315975,99557
0.406454847,99557
0.224974282,99557
0.156196585,99557
0.155809289,99557
0.137330698,99557
0.111450394,99557
0.123676329,99557
0.136119892,99557
0.257835646,99557
0.569656775,99557
0.370024741,99557
0.526599863,99557
0.628275465,99557
0.945012738,99557
0.966612935,99557
1.009885504,99557
0.801740618,99557
1.002756244,99557
1.734079952,99557
1.960640404,99557
1.870034979,99557
1.665529269,99557
1.091966125,99557
0.643100817,99557
0.398629783,99557
0.231870503,99557
0.15671254,99557
0.127627193,99557
0.121120758,99557
0.112751571,99557
0.100972374,99557
0.128870742,99557
0.248251488,99557
0.442396416,99557
0.531855015,99557
0.578387699,99557
0.771597518,99557
1.160403512,99557
0.992038021,99557
0.936932051,99557
0.855202632,99557
0.969108709,99557
1.664472942,99557
2.343214788,99557
1.98382305,99557
1.715519277,99557
1.13698901,99557
0.636452151,99557
0.434735089,99557
0.263110931,99557
0.172157274,99557
0.155138879,99557
0.144711545,99557
0.132958833,99557
0.131141262,99557
0.16833046,99557
0.32339486,99557
0.434948648,99557
0.500314522,99557
0.637385481,99557
0.737119341,99557
0.97290277,99557
1.073068837,99557
0.857633579,99557
0.732708072,99557
0.965295545,99557
1.26316763,99557
1.667317663,99557
1.465317225,99557
1.331589009,99557
0.978687855,99557
0.786732516,99557
0.60745839,99557
0.387362265,99557
0.244812153,99557
0.190367203,99557
0.177271044,99557
0.156530969,99557
0.160092383,99557
0.163897745,99557
0.377532047,99557
0.405022287,99557
0.43247222,99557
0.529759863,99557
0.711548279,99557
0.850707837,99557
1.057701509,99557
0.938404232,99557
0.814006648,99557
0.963228437,99557
1.475298234,99557
1.80025724,99557
1.6972577,99557
1.470658033,99557
0.907936848,99557
0.596382167,99557
0.336206562,99557
0.235170027,99557
0.183113495,99557
0.163010309,99557
0.146372614,99557
0.136232762,99557
0.138791413,99557
0.125610517,99557
0.258562461,99557
0.308414269,99557
0.473091957,99557
0.520682491,99557
0.71708338,99557
0.886802944,99557
1.12182633,99557
1.034652431,99557
0.862146608,99557
1.031315176,99557
1.644039578,99557
2.220903911,99557
2.237061185,99557
1.914820796,99557
1.478829675,99557
0.793297137,99557
0.63010222,99557
0.355606368,99557
0.245119375,99557
0.168570453,99557
0.139136825,99557
0.130263141,99557
0.124643135,99557
0.113941841,99557
0.259945771,99557
0.265617902,99557
0.356116185,99557
0.506729912,99557
0.614036486,99557
1.014492291,99557
1.040966763,99557
0.722288191,99557
0.864211024,99557
0.985701418,99557
1.447729018,99557
1.80782116,99557
1.714765262,99557
1.474719175,99557
0.850317906,99557
0.532274979,99557
0.413077197,99557
0.215609747,99557
0.170626589,99557
0.144355858,99557
0.141336663,99557
0.130048938,99557
0.10663236,99557
0.121261686,99557
0.181711104,99557
0.235750604,99557
0.345116691,99557
0.413644011,99557
0.573812891,99557
0.460614492,99557
0.66563731,99557
2.236401931,99557
1.937093152,99557
1.872865502,99557
1.663277723,99557
1.245465624,99557
0.733262608,99557
0.410831126,99557
0.268537525,99557
0.200543912,99557
0.153865906,99557
0.129553054,99557
0.115373525,99557
0.117121816,99557
0.15478121,99557
0.274566041,99557
0.41815179,99557
0.488316455,99557
0.465327695,99557
0.844934404,99557
0.925611602,99557
1.159013315,99557
0.907221235,99557
1.081818389,99557
0.865884424,99557
1.52302356,99557
2.240453169,99557
2.038668394,99557
1.729380142,99557
1.090734997,99557
0.577143193,99557
0.369477719,99557
0.267936491,99557
0.198346319,99557
0.191991703,99557
0.14097164,99557
0.131020753,99557
0.132290502,99557
0.148110089,99557
0.279766211,99557
0.43477661,99557
0.392350108,99557
0.533877612,99557
0.745251408,99557
0.99322111,99557
0.991599023,99557
1.038810949,99557
0.949337793,99557
1.113523597,99557
1.527089621,99557
1.925703678,99557
1.955818924,99557
1.655513476,99557
1.091966125,99557
0.473203341,99557
0.391595394,99557
0.207791233,99557
0.158272667,99557
0.137837896,99557
0.123872556,99557
0.117201876,99557
0.117574823,99557
0.138252355,99557
0.212791063,99557
0.375445552,99557
0.379081326,99557
0.650995613,99557
0.707638035,99557
0.910724857,99557
1.082220768,99557
1.024128746,99557
0.961551646,99557
0.944505586,99557
1.76381032,99557
1.98121374,99557
1.959456514,99557
1.719008751,99557
1.127311757,99557
0.539578488,99557
0.398947916,99557
0.207205239,99557
0.171482335,99557
0.14184781,99557
0.124913244,99557
0.106042717,99557
0.134023762,99557
0.147103175,99557
0.245498101,99557
0.430941331,99557
0.281916298,99557
0.430341144,99557
0.832018106,99557
0.998221151,99557
1.087364701,99557
0.867228499,99557
1.014211421,99557
1.103975296,99557
1.922821014,99557
2.109782393,99557
2.122069941,99557
1.750323616,99557
1.225646646,99557
0.572981821,99557
0.385952608,99557
0.27217664,99557
0.19116089,99557
0.15065753,99557
0.133313338,99557
0.133786744,99557
0.157525555,99557
0.166743444,99557
0.174603295,99557
0.338196865,99557
0.430002863,99557
0.37891518,99557
0.596245546,99557
0.875184383,99557
0.965711,99557
0.85279175,99557
0.753474939,99557
1.07632359,99557
1.579254399,99557
1.764610891,99557
1.83713785,99557
1.39475149,99557
1.054308783,99557
0.560931611,99557
0.420902034,99557
0.216885671,99557
0.176378288,99557
0.157493422,99557
0.150545814,99557
0.132146573,99557
0.124519301,99557
0.127926253,99557
0.299674239,99557
0.336279593,99557
0.380805851,99557
0.397290471,99557
0.51755188,99557
0.485930553,99557
0.61094808,99557
0.526116891,99557
0.407338563,99557
0.409978188,99557
0.686190133,99557
0.818086183,99557
0.820871307,99557
0.824004105,99557
0.655103048,99557
0.582994409,99557
0.415016381,99557
0.237579937,99557
1.981251728,99557
2.003078361,99557
1.90197077,99557
1.581855651,99557
1.03202789,99557
0.565136985,99557
0.416193679,99557
0.24852498,99557
0.175823345,99557
0.138989218,99557
0.132614629,99557
0.12320539,99557
0.135307945,99557
0.138138652,99557
0.32315446,99557
0.296295663,99557
0.39260372,99557
0.434669845,99557
0.652743631,99557
1.203320719,99557
0.985418608,99557
0.970366665,99557
1.020272333,99557
0.962725246,99557
1.503866535,99557
2.044285381,99557
2.097452351,99557
1.705119112,99557
1.374258775,99557
0.791279273,99557
0.52085128,99557
0.381605671,99557
0.221662616,99557
0.16848182,99557
0.140347465,99557
0.139987089,99557
0.124379665,99557
0.162995781,99557
0.204983565,99557
0.293608542,99557
0.364420658,99557
0.436617397,99557
0.714822651,99557
0.943701416,99557
0.892955459,99557
1.000010564,99557
0.813487281,99557
1.044632176,99557
1.81842637,99557
2.247312277,99557
2.361026477,99557
1.984773468,99557
1.355970144,99557
0.663166184,99557
0.517092482,99557
0.330482896,99557
0.190025877,99557
0.157243614,99557
0.150800726,99557
0.141942694,99557
0.124113303,99557
0.145774361,99557
0.208986265,99557
0.218333467,99557
0.368674331,99557
0.42119974,99557
0.707229446,99557
0.914058907,99557
0.968285279,99557
1.051474913,99557
0.992020101,99557
0.983999221,99557
1.436385975,99557
1.918469917,99557
1.608910045,99557
1.320980184,99557
0.929042132,99557
0.531107364,99557
0.405342961,99557
0.291943814,99557
0.179185154,99557
0.163311913,99557
0.145805275,99557
0.141279174,99557
0.130328086,99557
0.120345557,99557
0.158465988,99557
0.248991609,99557
0.315796963,99557
0.402980976,99557
0.320785952,99557
0.429460317,99557
0.567831785,99557
0.471731663,99557
0.406844941,99557
0.373947736,99557
0.535884292,99557
0.729408308,99557
0.680991079,99557
0.683301808,99557
0.518607325,99557
0.424282196,99557
0.370407897,99557
0.225388366,99557
0.161897162,99557
0.136658105,99557
0.131369405,99557
0.118765416,99557
0.115872132,99557
0.118437018,99557
0.209797218,99557
0.30577708,99557
0.311680222,99557
0.344588409,99557
0.64020397,99557
0.904100693,99557
1.012174011,99557
1.046803222,99557
0.957022805,99557
0.977424515,99557
1.539710994,99557
2.036793503,99557
1.825414479,99557
1.512472746,99557
1.110668063,99557
0.570234054,99557
0.400876469,99557
0.258233211,99557
0.191428444,99557
0.154346191,99557
0.138908738,99557
0.128196673,99557
0.114751015,99557
0.129877054,99557
0.198037941,99557
0.303691345,99557
0.4872965,99557
0.585579945,99557
0.853240415,99557
0.989817154,99557
1.091834521,99557
0.998266091,99557
0.935504531,99557
0.961366406,99557
1.75482535,99557
2.200385981,99557
1.972840108,99557
1.73061071,99557
1.142713276,99557
0.636251216,99557
0.439958514,99557
0.272228269,99557
0.198947745,99557
0.17395734,99557
0.174674724,99557
0.137737717,99557
0.129679366,99557
0.175209024,99557
0.246810302,99557
0.343496149,99557
0.377427032,99557
0.441140773,99557
0.711973294,99557
1.070824162,99557
1.189721427,99557
1.16590949,99557
0.884229459,99557
0.977175502,99557
1.418683471,99557
2.23390034,99557
2.186516378,99557
1.891179995,99557
1.283255902,99557
0.649088062,99557
0.458656723,99557
0.275334932,99557
0.199405438,99557
0.167589408,99557
0.18193359,99557
0.154664438,99557
0.164273083,99557
0.190697051,99557
0.204251089,99557
0.322714812,99557
0.769712691,99557
0.464113437,99557
0.74668105,99557
0.998023424,99557
1.162987515,99557
1.021338788,99557
0.860702152,99557
0.920330984,99557
1.668386512,99557
2.296696469,99557
1.907060865,99557
1.594303304,99557
1.123227419,99557
0.655306938,99557
0.470607809,99557
0.304043432,99557
0.23768957,99557
0.209887878,99557
0.190441787,99557
0.173050523,99557
0.163359177,99557
0.153685993,99557
0.263632621,99557
0.285779302,99557
0.31804554,99557
0.495984272,99557
0.743815378,99557
1.124572142,99557
1.295554904,99557
1.345170538,99557
1.17333278,99557
1.109047449,99557
1.557409802,99557
2.327995421,99557
2.1714797,99557
1.912033367,99557
1.416391385,99557
0.772886106,99557
0.517810785,99557
0.382161594,99557
0.265993581,99557
0.23672566,99557
0.209500647,99557
0.188058463,99557
0.186866595,99557
0.217858731,99557
0.423754985,99557
0.35601956,99557
0.441254305,99557
0.474993459,99557
0.793890172,99557
1.085133229,99557
1.007635708,99557
0.893839771,99557
1.036712328,99557
1.016414124,99557
1.249997591,99557
1.994404504,99557
1.820507436,99557
1.412112081,99557
0.916821836,99557
0.555098623,99557
0.419316047,99557
0.281710946,99557
0.23003744,99557
0.205945909,99557
0.191696184,99557
0.17200054,99557
0.163864969,99557
0.140583477,99557
0.743670558,99557
0.878815387,99557
1.106538308,99557
1.008945525,99557
1.027208173,99557
1.030073085,99557
1.334507639,99557
2.125098225,99557
2.14564503,99557
1.734518295,99557
1.301295355,99557
0.689809105,99557
0.490443562,99557
0.309314194,99557
0.257607299,99557
0.200539884,99557
0.201641189,99557
0.190414307,99557
0.169750745,99557
0.179185154,99557
0.283595342,99557
0.426406068,99557
0.463525277,99557
0.585173857,99557
0.747793076,99557
1.248549683,99557
1.281605531,99557
1.09801906,99557
1.124247809,99557
1.009560077,99557
1.321290386,99557
2.169827375,99557
1.941979263,99557
1.638910646,99557
1.143328817,99557
0.636559808,99557
0.405159703,99557
0.25357777,99557
0.24141007,99557
0.197889845,99557
0.17011788,99557
0.169180435,99557
0.160975461,99557
0.242004195,99557
0.209673621,99557
0.266899083,99557
0.386030855,99557
0.542894229,99557
0.939650826,99557
1.400962952,99557
1.117133826,99557
1.281391671,99557
1.04478236,99557
1.201771901,99557
1.516203452,99557
2.26745126,99557
2.275599859,99557
1.962114467,99557
1.461421308,99557
0.978367494,99557
0.85447901,99557
0.384517628,99557
0.298881896,99557
0.257762564,99557
0.20959948,99557
0.201427147,99557
0.176408514,99557
0.163537389,99557
0.248578799,99557
0.319254143,99557
0.389487182,99557
0.437634463,99557
0.572695855,99557
0.683286935,99557
0.851097858,99557
0.685117466,99557
0.618622372,99557
0.69778431,99557
0.702833255,99557
1.556994443,99557
1.336649305,99557
1.567868112,99557
1.470352582,99557
1.177721911,99557
0.916675408,99557
0.538099287,99557
0.341532347,99557
0.278473463,99557
0.240774001,99557
0.228710436,99557
0.209492412,99557
0.232850533,99557
0.346148007,99557
0.457737221,99557
0.527938985,99557
0.628582118,99557
1.37637932,99557
1.323897522,99557
1.546035567,99557
1.479901969,99557
1.222302577,99557
1.44948306,99557
1.801718039,99557
2.595482593,99557
2.551294656,99557
2.385153533,99557
1.624282693,99557
0.756750377,99557
0.592165726,99557
0.408476179,99557
0.330193351,99557
0.316150939,99557
0.290099667,99557
0.247561701,99557
0.232351587,99557
0.311383975,99557
0.32200485,99557
0.361439924,99557
0.395668542,99557
0.555279605,99557
0.871359346,99557
1.208467574,99557
1.258046716,99557
1.155181277,99557
1.149638022,99557
1.187250003,99557
1.663637404,99557
2.598469014,99557
2.278953022,99557
2.029520426,99557
1.353195556,99557
0.835122755,99557
0.5061388,99557
0.386271234,99557
0.304480105,99557
0.269685549,99557
0.250506674,99557
0.237724659,99557
0.231792537,99557
0.230516619,99557
0.25853959,99557
0.374041262,99557
0.531225379,99557
0.605748799,99557
1.043097247,99557
1.468139013,99557
1.640488812,99557
1.509641808,99557
1.376505972,99557
1.356284427,99557
1.657088033,99557
2.649530175,99557
2.548651423,99557
2.400669808,99557
1.772506821,99557
0.983820754,99557
0.607584602,99557
0.426850678,99557
0.35153565,99557
0.326579594,99557
0.307331103,99557
0.268407011,99557
0.242060255,99557
0.25087602,99557
0.29197784,99557
0.383419473,99557
0.41727966,99557
0.478639847,99557
0.872308518,99557
1.362525237,99557
1.493668246,99557
1.691086934,99557
1.31939872,99557
1.160272691,99557
1.783855058,99557
2.836745781,99557
2.667380845,99557
2.414488753,99557
1.746600366,99557
0.937559111,99557
0.715469296,99557
0.438456116,99557
0.381961415,99557
0.308049674,99557
0.278682381,99557
0.281505668,99557
0.250763386,99557
0.235362018,99557
0.294750294,99557
0.347793354,99557
0.442761486,99557
0.576002436,99557
0.902407837,99557
1.225118855,99557
1.311381982,99557
1.36417436,99557
1.440885443,99557
1.254165002,99557
1.743724404,99557
2.830658085,99557
2.600456079,99557
2.109703993,99557
1.653476925,99557
0.940810988,99557
0.602727892,99557
0.534489086,99557
1.621440574,99557
1.526933989,99557
1.651996585,99557
1.694047968,99557
2.320899969,99557
1.255444801,99557
2.12134924,99557
2.113534226,99557
1.720306419,99557
1.099574999,99557
0.674259651,99557
0.538548116,99557
0.514082343,99557
0.42186558,99557
0.340256009,99557
0.321158006,99557
0.286298922,99557
0.255720473,99557
0.250817447,99557
0.223304752,99557
0.28998339,99557
0.324341981,99557
0.470811486,99557
0.815500752,99557
1.006317717,99557
0.932583255,99557
0.65556913,99557
0.634659208,99557
0.496244063,99557
0.523067549,99557
0.647081994,99557
0.780075982,99557
0.735598581,99557
0.739144309,99557
0.633649103,99557
0.605027851,99557
0.417244794,99557
0.355536632,99557
0.343965555,99557
0.356578018,99557
0.317077269,99557
0.267187308,99557
0.207865053,99557
0.226517283,99557
0.25754338,99557
0.339275434,99557
0.346470939,99557
0.357083154,99557
0.467231991,99557
0.56549547,99557
0.42707013,99557
0.411373318,99557
0.427340605,99557
0.476693786,99557
0.616007174,99557
0.743528338,99557
0.749778113,99557
0.725564165,99557
0.695191654,99557
0.592671186,99557
0.463978617,99557
0.388028829,99557
0.315887966,99557
0.298242882,99557
0.279961333,99557
0.270742395,99557
0.233258765,99557
0.238705249,99557
0.319915272,99557
0.298837635,99557
0.358062201,99557
0.418448522,99557
0.638290746,99557
0.621668617,99557
0.484683425,99557
0.437521398,99557
0.472714589,99557
0.54600739,99557
0.792199805,99557
0.798586158,99557
0.83364363,99557
0.852218627,99557
0.858200185,99557
0.844802103,99557
0.622946011,99557
0.494117048,99557
0.367871818,99557
0.327179649,99557
0.290371069,99557
0.272716634,99557
0.235174389,99557
0.257589036,99557
0.32400393,99557
0.334529048,99557
0.363487185,99557
0.469084723,99557
0.649327259,99557
0.607437355,99557
0.653785809,99557
0.444229263,99557
0.53977014,99557
0.583571532,99557
0.801450663,99557
0.855335745,99557
0.86625279,99557
0.970145134,99557
0.769181355,99557
0.789016243,99557
0.683138219,99557
0.669444619,99557
0.538904672,99557
0.474813675,99557
0.409016815,99557
0.367659054,99557
0.308154535,99557
0.28345164,99557
0.3093242,99557
0.345841096,99557
0.336665743,99557
0.416066009,99557
0.646763627,99557
0.629937989,99557
0.624729454,99557
0.595632102,99557
0.495325595,99557
0.562077587,99557
0.756085335,99557
0.865097725,99557
1.0108621,99557
1.063723799,99557
0.912330971,99557
0.894069424,99557
0.82224933,99557
0.563366519,99557
0.492013531,99557
0.43554808,99557
0.432839091,99557
0.336347414,99557
0.315165357,99557
0.301084341,99557
0.346216816,99557
0.372776904,99557
0.375324294,99557
0.457061883,99557
0.460938138,99557
0.578675083,99557
0.560251321,99557
0.625739543,99557
0.641197673,99557
0.730261379,99557
0.936601187,99557
0.899709393,99557
0.866537489,99557
0.968692523,99557
0.877668829,99557
0.6993683,99557
0.629631006,99557
0.487085102,99557
0.434964469,99557
0.448032766,99557
0.375710183,99557
0.352966555,99557
0.337872584,99557
0.306967149,99557
0.352549798,99557
0.396100607,99557
0.403329406,99557
0.458199901,99557
0.546871888,99557
0.594348363,99557
0.544552589,99557
0.625028128,99557
0.485961908,99557
0.644508359,99557
0.883214639,99557
0.965613758,99557
0.942757829,99557
0.866889241,99557
0.746245796,99557
0.818411684,99557
0.684477246,99557
0.531011214,99557
0.462913007,99557
0.481912908,99557
0.397335835,99557
0.305692518,99557
0.285346645,99557
0.257963564,99557
0.279143227,99557
0.351743698,99557
0.422461778,99557
0.497169726,99557
0.604936888,99557
0.621767923,99557
0.655175862,99557
0.670099863,99557
0.671227044,99557
0.765674415,99557
0.907465455,99557
0.937585243,99557
0.920097983,99557
0.949898847,99557
0.766816245,99557
0.695821856,99557
0.695219156,99557
0.516639754,99557
0.481981606,99557
0.394545148,99557
0.351599658,99557
0.29820358,99557
0.331631987,99557
0.265622539,99557
0.317447167,99557
0.307600469,99557
0.402666947,99557
0.705898568,99557
0.712337694,99557
0.685124912,99557
0.858416878,99557
0.653814905,99557
0.656632998,99557
0.647892738,99557
0.854354278,99557
0.912081802,99557
0.874544893,99557
1.084346198,99557
1.131336527,99557
0.873106895,99557
0.689786691,99557
0.535048266,99557
0.518814655,99557
0.4408361,99557
0.43176259,99557
0.41955492,99557
0.351727692,99557
0.341458749,99557
0.339810118,99557
0.40164007,99557
0.588198799,99557
0.900008073,99557
0.88334146,99557
1.013622626,99557
1.076864972,99557
0.951600553,99557
0.849803665,99557
0.781260303,99557
0.908502683,99557
1.035457836,99557
1.046481103,99557
0.920702121,99557
0.846655265,99557
0.887158785,99557
0.697917076,99557
0.564900311,99557
0.460748822,99557
0.39571004,99557
0.401497552,99557
0.346114487,99557
0.310040086,99557
0.286525201,99557
0.364654213,99557
0.479150333,99557
0.546014037,99557
0.65487735,99557
0.886210033,99557
0.955034909,99557
0.976766479,99557
0.758277169,99557
0.814869921,99557
1.416873212,99557
1.134438859,99557
0.832329952,99557
0.664624839,99557
0.554415182,99557
0.480870554,99557
0.380145522,99557
0.304634007,99557
0.316793658,99557
0.342163519,99557
0.379735187,99557
0.468992307,99557
0.607023757,99557
0.937855296,99557
0.95355852,99557
0.866350475,99557
0.710478712,99557
0.708160292,99557
0.638075148,99557
0.759805499,99557
0.881904693,99557
0.935121723,99557
0.992961128,99557
0.908159732,99557
0.845058446,99557
0.724384573,99557
0.640182376,99557
0.566883134,99557
0.48088303,99557
0.379114559,99557
0.309799697,99557
0.309664519,99557
0.298606545,99557
0.385522392,99557
0.312504427,99557
0.401771209,99557
0.488681133,99557
0.570655312,99557
0.589899581,99557
0.733208686,99557
0.716832011,99557
0.629060074,99557
0.784157321,99557
0.835879259,99557
0.836274093,99557
0.778075014,99557
0.575169781,99557
0.637033607,99557
0.686257202,99557
0.700941534,99557
0.548716216,99557
0.3675936,99557
0.332253948,99557
0.309189126,99557
0.312967262,99557
0.288792902,99557
0.33374903,99557
0.361732036,99557
0.444613083,99557
0.8145343,99557
0.773155027,99557
0.871846467,99557
0.805490578,99557
0.793978345,99557
0.66925326,99557
0.741295975,99557
0.995041933,99557
1.002531046,99557
0.944278286,99557
0.899572871,99557
0.954094458,99557
0.836570279,99557
0.781117183,99557
0.663876986,99557
0.59511844,99557
0.523002489,99557
0.45316566,99557
0.384952865,99557
0.317695576,99557
0.293155385,99557
0.400479759,99557
0.410248957,99557
0.494300449,99557
0.710440799,99557
0.794090572,99557
0.901937881,99557
0.850234953,99557
0.929475731,99557
0.785121528,99557
0.7740333,99557
1.124982394,99557
1.081968103,99557
1.18138578,99557
1.181464004,99557
1.181913845,99557
1.147680794,99557
0.875251712,99557
0.778781412,99557
0.687472473,99557
0.596687885,99557
0.437848733,99557
0.418006372,99557
0.347467154,99557
0.358897061,99557
0.401942292,99557
0.405251327,99557
0.480402797,99557
0.572770744,99557
0.659742093,99557
0.741758191,99557
0.881862452,99557
0.886074539,99557
0.887853728,99557
0.928617303,99557
0.821327802,99557
0.756226143,99557
0.643533743,99557
0.606196983,99557
0.503756517,99557
0.481669383,99557
0.425202672,99557
0.348709121,99557
0.325572743,99557
0.29778616,99557
0.30618015,99557
0.360434663,99557
0.382272828,99557
0.490254579,99557
0.687681339,99557
0.726437988,99557
0.860660423,99557
0.755115679,99557
0.79693898,99557
0.684551675,99557
0.760017235,99557
0.956398067,99557
0.9381341,99557
0.919735595,99557
0.899299857,99557
1.086473713,99557
1.048267189,99557
0.883223094,99557
0.683212575,99557
0.604706013,99557
0.560244587,99557
0.520429358,99557
0.401303768,99557
0.362928761,99557
0.29190979,99557
0.385701154,99557
0.394002873,99557
0.461463542,99557
0.714366372,99557
0.787993746,99557
0.871720474,99557
0.905495497,99557
0.782596722,99557
0.79405049,99557
0.845893899,99557
1.197298766,99557
1.1770191,99557
1.012237367,99557
0.968294131,99557
0.93044736,99557
1.152736353,99557
0.903279716,99557
0.841506188,99557
0.737868719,99557
0.62990229,99557
0.496434198,99557
0.466709459,99557
0.395727018,99557
0.341700603,99557
0.402141935,99557
0.476029428,99557
0.468616578,99557
0.585146331,99557
0.687785784,99557
0.781586347,99557
0.795036801,99557
0.799575281,99557
0.633964227,99557
0.849198387,99557
0.936453188,99557
1.059163816,99557
1.256745422,99557
1.002522039,99557
0.9139385,99557
0.689714468,99557
0.538297276,99557
0.468758229,99557
0.423509065,99557
0.378704781,99557
0.324992969,99557
0.317543477,99557
0.317340736,99557
0.267052474,99557
0.311022645,99557
0.323391449,99557
0.37918657,99557
0.420097005,99557
0.510984528,99557
0.447904317,99557
0.443354295,99557
0.527899767,99557
0.376738351,99557
0.53653645,99557
0.700696776,99557
0.652520762,99557
0.685564308,99557
0.684261425,99557
0.63584944,99557
0.536147743,99557
0.435613389,99557
0.427275918,99557
0.335179759,99557
0.305458792,99557
0.296643438,99557
0.249723841,99557
0.257724504,99557
0.2513223,99557
0.371240575,99557
0.379663123,99557
0.370588596,99557
0.44610195,99557
0.457536393,99557
0.608321105,99557
0.664500168,99557
0.687994698,99557
0.600355637,99557
0.584891744,99557
0.876152477,99557
0.860318281,99557
0.93897948,99557
0.939118961,99557
0.95014436,99557
0.870125355,99557
0.686933048,99557